model,mean time,std time,mean nmi,std nmi,best_cost,best_nmi
abs_adam,0.653310537338,0.0,1.0,0.0,0.0367680378258,1.0
abs_sgd,0.238907337189,0.0,1.0,0.0,0.0367883592844,1.0
clip_adam,0.623629331589,0.0,1.0,0.0,0.0367652289569,1.0
clip_sgd,0.387703418732,0.0,1.0,0.0,0.0367649644613,1.0
update_rule,0.195292949677,0.0,1.0,0.0,0.0367658734322,1.0
