model,mean time,std time,mean nmi,std nmi,best_cost,best_nmi,best_time
abs_adam,1.07273626328,0.116436583808,0.684508793268,7.02166693715e-17,0.0275667400749,0.684508793268,0.9778780937194824
kl_adam,2.05821938515,0.652678314844,0.73985747434,0.00163506266391,0.0276631424054,0.740675005672,2.5285868644714355
update_rule,0.435592794418,0.0803525889983,0.606907071828,8.5997505699e-17,0.029171532871,0.606907071828,0.5704519748687744
