model,mean time,std time,mean nmi,std nmi,best_cost,best_nmi
abs_adam,6.55855488777,0.0,0.955315282188,0.0,0.00543377832031,0.955315282188
update_rule,1.27926898003,0.0,0.218326704924,0.0,0.00569589111328,0.218326704924
