model,mean time,std time,mean nmi,std nmi,best_cost,best_nmi
abs_adam,4.35840082169,0.0,0.107065010473,0.0,0.00531192675781,0.107065010473
update_rule,1.93431282043,0.0,0.0831139960048,0.0,0.00520303027344,0.0831139960048
