model,mean time,std time,mean nmi,std nmi
abs_adam,15.277953887,0.721426376641,0.440408883598,0.0204054304274
abs_sgd,23.6482391834,0.0721167917554,0.0,0.0
clip_adam,23.8180610895,0.238342271348,0.0,0.0
clip_sgd,23.70285604,0.211992995236,0.0,0.0
update_rule,2.37567117214,0.17792573665,0.489961308089,0.0323520535881
