model,mean time,std time,mean nmi,std nmi,best_cost,best_nmi,best_time
abs_adam,16.6982213974,8.01657114743,0.920905091005,0.158189817989,0.00558087631892,1.0,10.35088300704956
kl_adam,76.7443570614,15.6409396805,1.0,0.0,0.00573170400193,1.0,75.58242988586426
update_rule,3.73352704048,0.746288714692,0.952786961087,1.11022302463e-16,0.0069510303238,0.952786961087,4.13130521774292
