model,mean time,std time,mean nmi,std nmi
abs_adam,1.34433579445,0.0,0.925404578245,0.0
abs_sgd,1.8961853981,0.0,0.903823340781,0.0
clip_adam,1.00118994713,0.0,0.925404578245,0.0
clip_sgd,1.00691246986,0.0,0.903823340781,0.0
update_rule,0.530628919601,0.0,0.892945200089,0.0
