model,mean time,std time,mean nmi,std nmi,best_cost,best_nmi,best_time
abs_adam,0.833952760696,0.0299964451023,0.888871670343,0.0,0.0301143951892,0.888871670343,0.8432610034942627
kl_adam,1.06728029251,0.211374182941,1.0,0.0,0.0301663143702,1.0,0.97021484375
update_rule,0.423176670074,0.0353798886569,0.814229143265,1.11022302463e-16,0.0302911077652,0.814229143265,0.45764899253845215
