model,mean time,std time,mean nmi,std nmi
abs_adam,0.712824559212,0.0863826255143,1.0,0.0
abs_sgd,0.79825193882,0.0577858575771,0.988887167034,0.033338498897
clip_adam,0.736357069016,0.0827180562097,1.0,0.0
clip_sgd,0.738185358047,0.0159507212704,0.929507329756,0.0750852673963
update_rule,0.140631055832,0.0197016957787,1.0,0.0
