model,mean time,std time,mean nmi,std nmi,best_cost,best_nmi
abs_adam,3.89724040031,0.0,0.220938559878,0.0,0.001972729487,0.220938559878
abs_sgd,4.82942008972,0.0,-2.22044604925e-06,0.0,nan,-2.22044604925e-06
clip_adam,4.84830498695,0.0,-2.22044604925e-06,0.0,nan,-2.22044604925e-06
clip_sgd,4.67393350601,0.0,-2.22044604925e-06,0.0,nan,-2.22044604925e-06
update_rule,0.498150110245,0.0,0.288525160663,0.0,0.00224938016732,0.288525160663
