model,mean time,std time,mean nmi,std nmi,best_cost,best_nmi,best_time
abs_adam,2.00953478813,0.168274759773,0.208536269687,0.0417300694028,0.00483879443359,0.198517175477,2.2587265968322754
abs_sgd,1.68300046921,0.348286493064,0.118856924677,0.0293799845924,0.00484233935547,0.175758537227,2.0366580486297607
clip_adam,1.93131527901,0.246967995893,0.188198791993,0.0354678112573,0.00483806835938,0.170218038269,1.9285576343536377
clip_sgd,1.94752626419,0.229865778234,0.197083932963,0.0299816903274,0.00484181542969,0.179574393355,2.2387900352478027
update_rule,0.777150297165,0.03921039221,0.142962318666,0.0240711970186,0.00483896435547,0.178248268513,0.7556922435760498
