model,mean time,std time,mean nmi,std nmi,best_cost,best_nmi
abs_adam,7.49460053444,0.0,0.920781897131,0.0,0.00229978930664,0.920781897131
update_rule,4.83662819862,0.0,0.817939879069,0.0,0.00241709057617,0.817939879069
