model,mean time,std time,mean nmi,std nmi
abs_adam,0.928527832031,0.0,0.909182188498,0.0
abs_sgd,0.820165395737,0.0,0.908280440754,0.0
clip_adam,1.10367846489,0.0,0.908280440754,0.0
clip_sgd,1.14558839798,0.0,0.92419578687,0.0
update_rule,0.276458501816,0.0,0.907815673327,0.0
