model,mean time,std time,mean nmi,std nmi,best_cost,best_nmi
abs_adam,10.7862064838,0.0,0.647527587648,0.0,0.00257346679687,0.647527587648
update_rule,6.84435510635,0.0,0.649212995097,0.0,0.00248489697266,0.649212995097
