model,mean time,std time,mean nmi,std nmi,best_cost,best_nmi
abs_adam,3.91634845734,0.0,0.282249006882,0.0,0.00204252130847,0.282249006882
abs_sgd,4.65678215027,0.0,-2.22044604925e-06,0.0,nan,-2.22044604925e-06
clip_adam,4.76705265045,0.0,-2.22044604925e-06,0.0,nan,-2.22044604925e-06
clip_sgd,4.83437228203,0.0,-2.22044604925e-06,0.0,nan,-2.22044604925e-06
update_rule,2.09066414833,0.0,0.343048758858,0.0,0.00228804104798,0.343048758858
