model,mean time,std time,mean nmi,std nmi,best_cost,best_nmi,best_time
abs_adam,1.83797545433,0.170861518594,0.207545540318,0.0169389829459,0.00455124169922,0.187243171558,1.9296576976776123
abs_sgd,1.46704940796,0.332234996059,0.172592380763,0.0332518067213,0.00455451806641,0.209862274851,2.030261993408203
clip_adam,1.7199221611,0.405917264294,0.197967117392,0.0389069487839,0.00455103027344,0.237168123368,2.362342119216919
clip_sgd,1.53967885971,0.202170440252,0.18919734351,0.0268208192323,0.00455410546875,0.171314809776,1.8232579231262207
update_rule,0.722073888779,0.0594925049009,0.134242907421,0.0268446476557,0.00454760107422,0.154292178302,0.6892411708831787
