model,mean time,std time,mean nmi,std nmi,best_cost,best_nmi
abs_adam,22.3572571278,0.0,1.0,0.0,0.00272324145508,1.0
update_rule,23.7839112282,0.0,1.0,0.0,0.0029131262207,1.0
