model,mean time,std time,mean nmi,std nmi
abs_adam,0.820684909821,0.0,0.88960497833,0.0
abs_sgd,2.74864768982,0.0,0.925404578245,0.0
clip_adam,1.3262283802,0.0,0.925404578245,0.0
clip_sgd,2.59600806236,0.0,0.92419578687,0.0
update_rule,1.17280578613,0.0,0.861873711348,0.0
