model,mean time,std time,mean nmi,std nmi
abs_adam,0.999188423157,0.0,0.951808187413,0.0
abs_sgd,1.03756475449,0.0,0.930049522752,0.0
clip_adam,2.33865737915,0.0,0.951808187413,0.0
clip_sgd,0.659039974213,0.0,0.934827483636,0.0
update_rule,0.827084541321,0.0,0.919834954088,0.0
