model,mean time,std time,mean nmi,std nmi,best_cost,best_nmi,best_time
abs_adam,1.58726382256,0.189041497086,0.929878857443,0.0633669490722,0.00501006005859,1.0,1.2399075031280518
abs_sgd,6.1641055584,0.19757791506,0.0,0.0,nan,0.0,5.780113935470581
clip_adam,2.61154313087,1.64696934582,0.962395271979,0.0461191303219,0.00497092285156,1.0,5.833112478256226
clip_sgd,5.89686369896,0.329182025385,0.0,0.0,nan,0.0,5.264127969741821
update_rule,3.68913397789,2.76163099151,0.824951378527,0.165237970884,0.00539253515625,0.5988683425,6.9725024700164795
