model,mean time,std time,mean nmi,std nmi,best_cost,best_nmi,best_time
abs_adam,1.5549287796,0.115188692669,0.262440702466,0.0391488432366,0.00398346533203,0.302231751533,1.7175724506378174
abs_sgd,1.46359000206,0.293526828511,0.222400094626,0.0297893990318,0.00398499804688,0.270735055963,1.939821481704712
clip_adam,5.37313070297,1.5856682722,0.0581582701849,0.11631654037,nan,0.0,6.055365562438965
clip_sgd,1.19361996651,0.157242761567,0.235065004437,0.0105384054117,0.00398887744141,0.244989102817,1.2691152095794678
update_rule,0.842580842972,0.169482103712,0.173522118922,0.0304428230871,0.00397286230469,0.193374698453,0.7687902450561523
