model,mean time,std time,mean nmi,std nmi,best_cost,best_nmi
abs_adam,2.1029214859,0.0,0.625469070025,0.0,0.0115938624367,0.625469070025
abs_sgd,2.32386827469,0.0,0.603694370439,0.0,0.0116067463532,0.603694370439
clip_adam,1.38374900818,0.0,0.571664678736,0.0,0.0114714186639,0.571664678736
clip_sgd,2.91594290733,0.0,0.619655507984,0.0,0.0114832865074,0.619655507984
update_rule,0.19097495079,0.0,0.591510943014,0.0,0.0114818774164,0.591510943014
