model,mean time,std time,mean nmi,std nmi,best_cost,best_nmi,best_time
abs_adam,0.849480819702,0.0563604983257,0.746632566714,0.284478207258,0.0301162390257,0.888871670343,0.8517489433288574
kl_adam,1.15932679176,0.174706947169,1.0,0.0,0.0301679160667,1.0,1.2892720699310303
update_rule,0.405320596695,0.0455180850794,0.814229143265,1.11022302463e-16,0.0303751740074,0.814229143265,0.37027716636657715
