model,mean time,std time,mean nmi,std nmi,best_cost,best_nmi
abs_adam,7.04204416275,0.0,0.890094687273,0.0,0.00224545605469,0.890094687273
update_rule,3.1375541687,0.0,0.812941262478,0.0,0.00225281054688,0.812941262478
