model,mean time,std time,mean nmi,std nmi,best_cost,best_nmi
abs_adam,2.21986246109,0.0,0.617612516481,0.0,0.00221771762671,0.617612516481
abs_sgd,4.81295681,0.0,-2.22044604925e-06,0.0,nan,-2.22044604925e-06
clip_adam,4.86908316612,0.0,-2.22044604925e-06,0.0,nan,-2.22044604925e-06
clip_sgd,4.66049098969,0.0,-2.22044604925e-06,0.0,nan,-2.22044604925e-06
update_rule,0.673450708389,0.0,0.546578740631,0.0,0.00267618023038,0.546578740631
