model,mean time,std time,mean nmi,std nmi,best_cost,best_nmi,best_time
abs_adam,41.6519791603,7.63035095113,1.0,0.0,0.00563226978444,1.0,45.86362290382385
kl_adam,39.732488966,12.8297972687,0.960037453701,0.0426508033249,0.00583348450309,1.0,62.95142984390259
update_rule,52.6880257607,38.361609181,0.735180755752,0.369178008084,0.00690427488134,0.0,82.8058590888977
