model,mean time,std time,mean nmi,std nmi,best_cost,best_nmi,best_time
abs_adam,1.68174853325,0.363843904822,0.757532505202,0.0934552429362,0.00485177539063,0.939159101817,2.2678003311157227
abs_sgd,1.93270049095,1.36038362849,0.574253393306,0.218965479951,0.00489303222656,0.412612365322,1.1205086708068848
clip_adam,1.24747152328,0.779905976923,0.515267594316,0.408897770542,0.00485147949219,0.948439847593,1.924544334411621
clip_sgd,2.35338816643,1.94792793376,0.567653688577,0.0519775642468,0.00489944482422,0.663443909617,5.9707560539245605
update_rule,0.920010232925,0.102389678378,0.720594423524,0.173326354463,0.00485060498047,0.872816498696,0.8007707595825195
