model,mean time,std time,mean nmi,std nmi,best_cost,best_nmi,best_time
abs_adam,1.3041785717,0.240937053509,0.606907071828,0.0,0.0274386326796,0.606907071828,1.4253759384155273
kl_adam,2.10306982994,0.566499652712,0.627222286791,0.0165873035589,0.0274861321482,0.640765763434,1.684528112411499
update_rule,0.588138818741,0.0990640266127,0.606907071828,4.96506830649e-17,0.0277296804138,0.606907071828,0.5827569961547852
