model,mean time,std time,mean nmi,std nmi,best_cost,best_nmi,best_time
abs_adam,1.14284682274,0.152544784681,0.680655056315,4.96506830649e-17,0.0274832893769,0.680655056315,1.4360830783843994
kl_adam,2.12144818306,0.728014085872,0.68034024909,0.000257039023048,0.0275380632396,0.680130377606,1.5095951557159424
update_rule,0.543067026138,0.0839427065577,0.606907071828,4.96506830649e-17,0.028538464051,0.606907071828,0.580651044845581
