model,mean time,std time,mean nmi,std nmi,best_cost,best_nmi,best_time
abs_adam,1.25609855652,0.130288041354,0.451770523879,0.0686620959235,0.004029875,0.5260275754,1.2573573589324951
abs_sgd,5.51746525764,1.50025593381,0.362138232209,0.0197873378972,0.00409966601562,0.393369672562,6.331831932067871
clip_adam,2.23555855751,1.9779450532,0.41903437484,0.210455592239,0.00402149023438,0.506023444056,1.3182954788208008
clip_sgd,5.17323679924,1.71365222545,0.282476709793,0.0454443009378,0.00416183154297,0.351555698922,6.132130146026611
update_rule,1.10959043503,0.305750507541,0.229110053188,0.0724653416915,0.00402934228516,0.226852667015,1.0289216041564941
