model,mean time,std time,mean nmi,std nmi,best_cost,best_nmi,best_time
abs_adam,1.59647455215,0.104467687941,0.99721384054,0.00341233450933,0.00486144433594,0.99303460135,1.7412598133087158
abs_sgd,5.14379200935,2.20832962891,0.534287533259,0.117349747615,0.00503436376953,0.729170978951,6.301181316375732
clip_adam,1.49123558998,0.112661747973,0.978234108893,0.0401398375307,0.00486150390625,1.0,1.7039704322814941
clip_sgd,6.11523652077,0.0709994304366,0.392835436939,0.0689684523154,0.00505201806641,0.380628673441,6.153646230697632
update_rule,0.622137832642,0.127004677183,0.975642173859,0.0386173824764,0.00486101806641,1.0,0.43529796600341797
