model,mean time,std time,mean nmi,std nmi,best_cost,best_nmi
abs_adam,59.6561908722,0.0,0.00312567735619,0.0,0.000321261933594,0.00312567735619
abs_sgd,29.5538167953,0.0,0.00522642585291,0.0,0.000321130488281,0.00522642585291
clip_adam,2565.12070131,0.0,-8.881784197e-06,0.0,nan,-8.881784197e-06
clip_sgd,29.183904171,0.0,0.0113010062849,0.0,0.00032111578125,0.0113010062849
update_rule,36.1439032555,0.0,0.741714619794,0.0,0.000314782714844,0.741714619794
