model,mean time,std time,mean nmi,std nmi,best_cost,best_nmi,best_time
abs_adam,17.2648287773,12.4760829622,1.0,0.0,0.00557444977141,1.0,8.296287775039673
kl_adam,46.082138586,20.4998109497,0.843637673442,0.312724653116,0.00570901358258,1.0,65.59069395065308
update_rule,3.49681501389,0.618688764683,0.933048558537,1.11022302463e-16,0.0067219461187,0.933048558537,2.9832541942596436
