model,mean time,std time,mean nmi,std nmi,best_cost,best_nmi
abs_adam,10.4353411198,0.0,1.0,0.0,0.00225272875977,1.0
update_rule,3.07994961739,0.0,0.958434777246,0.0,0.00228161157227,0.958434777246
