model,mean time,std time,mean nmi,std nmi,best_cost,best_nmi,best_time
abs_adam,1.79843373299,0.418855108164,0.868346957842,0.0483886998544,0.00493811621094,0.907815168409,1.4204773902893066
abs_sgd,3.17379336357,2.62862425977,0.583085386682,0.139279602118,0.00530382421875,0.676928960058,6.446683883666992
clip_adam,4.29252314568,2.40119654687,0.340914201823,0.417663195826,0.00498177587891,0.835792654546,1.5534040927886963
clip_sgd,4.28728294373,2.13385356298,0.443598916409,0.0664633345537,0.00547545605469,0.530044267417,6.087949514389038
update_rule,0.756161165237,0.319618575723,0.528605401263,0.0628728917689,0.00513132910156,0.560622445209,0.5068032741546631
