model,mean time,std time,mean nmi,std nmi,best_cost,best_nmi
abs_adam,8.8253428936,0.0,0.963846858406,0.0,0.00226442333984,0.963846858406
update_rule,23.0637819767,0.0,0.795112223342,0.0,0.00252149609375,0.795112223342
