model,mean time,std time,mean nmi,std nmi,best_cost,best_nmi
abs_adam,7.43067193031,0.0,0.937863530443,0.0,0.00227035693359,0.937863530443
update_rule,2.2223367691,0.0,1.0,0.0,0.00227776806641,1.0
