model,mean time,std time,mean nmi,std nmi
abs_adam,1.55226612091,0.0,0.92419578687,0.0
abs_sgd,0.46300983429,0.0,0.80293388475,0.0
clip_adam,1.05936741829,0.0,0.90395298015,0.0
clip_sgd,0.758037805557,0.0,0.903823340781,0.0
update_rule,1.3111410141,0.0,0.892324293562,0.0
