model,mean time,std time,mean nmi,std nmi,best_cost,best_nmi
abs_adam,4.32386374474,0.0,0.29529146466,0.0,0.00538276025391,0.29529146466
update_rule,3.92894458771,0.0,0.175741878979,0.0,0.005425984375,0.175741878979
