model,mean time,std time,mean nmi,std nmi,best_cost,best_nmi,best_time
abs_adam,1.18018746376,0.106401112695,0.684508793268,8.5997505699e-17,0.0275651567593,0.684508793268,1.1098520755767822
kl_adam,2.85337696075,0.791811331395,0.729590447499,0.0221691163466,0.0277478691672,0.740675005672,3.0571348667144775
update_rule,0.497554636002,0.0530839721908,0.606907071828,4.96506830649e-17,0.0289007748282,0.606907071828,0.5836098194122314
