model,mean time,std time,mean nmi,std nmi,best_cost,best_nmi
abs_adam,8.23761224747,0.0,0.990391992923,0.0,0.00271122021484,0.990391992923
update_rule,19.7781999111,0.0,0.968506339686,0.0,0.00296524536133,0.968506339686
