model,mean time,std time,mean nmi,std nmi,best_cost,best_nmi,best_time
abs_adam,0.857796144485,0.0879160981754,0.814229143265,1.11022302463e-16,0.0300854316735,0.814229143265,0.7902140617370605
kl_adam,1.16680364609,0.123727103551,0.814229143265,1.11022302463e-16,0.0301165010133,0.814229143265,1.2875339984893799
update_rule,0.384656047821,0.0403344516385,0.814229143265,1.11022302463e-16,0.0301391827824,0.814229143265,0.3942849636077881
