model,mean time,std time,mean nmi,std nmi,best_cost,best_nmi,best_time
abs_adam,1.0107427597,0.0727346745932,1.0,0.0,0.0301748904924,1.0,1.092181921005249
kl_adam,1.96715979576,0.0555951943813,1.0,0.0,0.0309860773315,1.0,1.8764948844909668
update_rule,0.38443813324,0.116417297675,1.0,0.0,0.0343155002495,1.0,0.3037550449371338
