model,mean time,std time,mean nmi,std nmi,best_cost,best_nmi,best_time
abs_adam,13.4517982006,5.67852437892,0.9821779114,0.00220937614289,0.00555677830531,0.981073223328,9.022316932678223
kl_adam,44.4724106789,22.7920810643,0.997050785812,0.0036120349511,0.00570841007654,0.992626964531,37.68372893333435
update_rule,3.55200686455,0.323801392599,0.928722003718,9.93013661299e-17,0.00641628218816,0.928722003718,3.2604751586914062
