model,mean time,std time,mean nmi,std nmi,best_cost,best_nmi,best_time
abs_adam,34.9204145908,6.54492187825,1.0,0.0,0.00561433175519,1.0,31.236804008483887
kl_adam,69.8029982567,31.5429002189,0.921278834929,0.157442330142,0.00572686407707,1.0,98.03242492675781
update_rule,19.466958189,27.1990765012,0.801535679486,0.396928641029,0.0068931834785,0.0076783974287,73.83401679992676
