model,mean time,std time,mean nmi,std nmi,best_cost,best_nmi
abs_adam,0.995279073715,0.0,0.665780535002,0.0,0.0544072799385,0.665780535002
abs_sgd,1.72431445122,0.0,0.731098560502,0.0,0.054500117898,0.731098560502
clip_adam,2.08699774742,0.0,0.536287176226,0.0,0.0523016750813,0.536287176226
clip_sgd,1.92645120621,0.0,0.491607429327,0.0,0.0524782985449,0.491607429327
update_rule,0.277263879776,0.0,0.419233116299,0.0,0.0554613023996,0.419233116299
