model,mean time,std time,mean nmi,std nmi,best_cost,best_nmi
abs_adam,0.757485389709,0.0,1.0,0.0,0.0139549253508,1.0
abs_sgd,2.56573534012,0.0,1.0,0.0,0.0140193793923,1.0
clip_adam,0.943385362625,0.0,1.0,0.0,0.0139545639977,1.0
clip_sgd,2.02360391617,0.0,1.0,0.0,0.0140438014641,1.0
update_rule,0.286457061768,0.0,1.0,0.0,0.0139702102169,1.0
