model,mean time,std time,mean nmi,std nmi,best_cost,best_nmi,best_time
abs_adam,2.17701010704,0.656012540539,0.926709250439,0.0701687172071,0.00494870263672,0.965177771663,2.876115083694458
abs_sgd,6.34943938255,0.0690468390106,0.50912347318,0.019879869023,0.00567939599609,0.507570596103,6.371278524398804
clip_adam,3.58530797958,2.18627894422,0.555682177381,0.45610296854,0.00494751806641,0.965177771663,2.2211921215057373
clip_sgd,5.74907803535,0.699839171245,0.361947655321,0.0599793844228,0.00580978271484,0.37490130814,4.354306936264038
update_rule,0.938532209396,0.393847338144,0.618042774699,0.0210462626502,0.00521181591797,0.642879946946,1.628204345703125
