model,mean time,std time,mean nmi,std nmi,best_cost,best_nmi
abs_adam,5.08182454109,0.0,0.99533154978,0.0,0.00273159399414,0.99533154978
update_rule,23.7700660229,0.0,0.967133105102,0.0,0.00298954248047,0.967133105102
