model,mean time,std time,mean nmi,std nmi,best_cost,best_nmi,best_time
abs_adam,1.09537882805,0.218121303794,0.606907071828,8.5997505699e-17,0.0274223677101,0.606907071828,0.9024651050567627
kl_adam,1.16548800468,0.124151763492,0.606907071828,4.96506830649e-17,0.0274224895036,0.606907071828,1.2639658451080322
update_rule,0.431716823578,0.0541624247081,0.606907071828,0.0,0.0274416027804,0.606907071828,0.48784708976745605
