model,mean time,std time,mean nmi,std nmi,best_cost,best_nmi,best_time
abs_adam,0.869570827484,0.0695101211799,1.0,0.0,0.0301702044881,1.0,0.9991838932037354
kl_adam,1.942370224,0.0930512077988,1.0,0.0,0.0303206250273,1.0,1.8477559089660645
update_rule,0.316400766373,0.0222800258692,0.933323002206,0.0544415407254,0.0329404031077,0.888871670343,0.3577880859375
