model,mean time,std time,mean nmi,std nmi,best_cost,best_nmi,best_time
abs_adam,9.37563791275,0.849987175221,0.450574502873,0.00775717961542,0.005488250019,0.442884679582,10.94318413734436
kl_adam,20.8885958195,1.94430364708,0.453026298094,0.0072764804961,0.00548821922788,0.466947958429,18.62484312057495
update_rule,3.71092238426,0.581873709519,0.519345290962,0.00242907429149,0.00548930659444,0.522146479824,3.395214080810547
