model,mean time,std time,mean nmi,std nmi,best_cost,best_nmi
abs_adam,0.974013566971,0.0,0.62796755325,0.0,0.053485609591,0.62796755325
abs_sgd,1.74178791046,0.0,0.371780954626,0.0,0.052770152688,0.371780954626
clip_adam,2.00895428658,0.0,0.40259997553,0.0,0.0491993092,0.40259997553
clip_sgd,1.95425581932,0.0,0.477239326946,0.0,0.0493428595364,0.477239326946
update_rule,0.784828186035,0.0,0.419233116299,0.0,0.0523372702301,0.419233116299
