model,mean time,std time,mean nmi,std nmi,best_cost,best_nmi,best_time
abs_adam,1.21922607422,0.101716205324,0.754763523122,0.0,0.0276205202133,0.754763523122,1.1279020309448242
kl_adam,2.9240044117,0.500530494175,0.754763523122,0.0,0.0278826060046,0.754763523122,2.9040839672088623
update_rule,0.453200721741,0.0374266123509,0.640765763434,0.0,0.0302782981682,0.640765763434,0.44225001335144043
