model,mean time,std time,mean nmi,std nmi,best_cost,best_nmi,best_time
abs_adam,29.5371290207,11.7121824845,1.0,0.0,0.00558939578313,1.0,38.8429319858551
kl_adam,73.5647637844,27.1001667602,1.0,0.0,0.00570876329473,1.0,85.40068411827087
update_rule,4.2433734417,0.434507026614,0.957792913799,0.000508444244806,0.00711818654002,0.958809802289,3.662292957305908
