model,mean time,std time,mean nmi,std nmi,best_cost,best_nmi
abs_adam,2.32280039787,0.417927026749,0.97562065759,0.00347660638366,0.00453642675781,0.972144051206
update_rule,2.08816158772,0.516000390053,0.753360652553,0.0173513169359,0.00458184765625,0.770711969488
