model,mean time,std time,mean nmi,std nmi
abs_adam,0.996429681778,0.0,0.929703891467,0.0
abs_sgd,1.08193945885,0.0,0.930049522752,0.0
clip_adam,1.43233513832,0.0,0.956935415778,0.0
clip_sgd,1.71312880516,0.0,0.92419578687,0.0
update_rule,0.961581945419,0.0,0.957096662785,0.0
