model,mean time,std time,mean nmi,std nmi,best_cost,best_nmi,best_time
abs_adam,1.83663039207,0.255884429348,0.521181407798,0.0666417003726,0.00489232617188,0.575501085716,2.275254011154175
abs_sgd,1.11729521751,0.330537129727,0.491048823496,0.0636373333226,0.00489510498047,0.565434091022,1.2639076709747314
clip_adam,6.23151803017,0.0784755512939,0.0,0.0,nan,0.0,6.196148872375488
clip_sgd,1.12058110237,0.185906427234,0.483638716079,0.0676983263192,0.00489197021484,0.571084384649,1.4033749103546143
update_rule,0.920940732956,0.197374505344,0.422495694093,0.00294722357782,0.00488290625,0.420782540991,1.1763906478881836
