model,mean time,std time,mean nmi,std nmi,best_cost,best_nmi,best_time
abs_adam,1.0375169754,0.102088039316,1.0,0.0,0.0301754005742,1.0,1.1217808723449707
kl_adam,1.84239821434,0.283648922159,1.0,0.0,0.0305998243477,1.0,1.2933390140533447
update_rule,0.940273809433,0.72765898304,0.925691657306,0.0910087616161,0.0340021631596,0.814229143265,1.7907769680023193
