model,mean time,std time,mean nmi,std nmi,best_cost,best_nmi,best_time
abs_adam,0.849666070938,0.058528255038,0.696819521575,0.234819243381,0.0300611005737,0.814229143265,0.849107027053833
kl_adam,0.976048135757,0.0878375632903,0.814229143265,1.11022302463e-16,0.0300614221039,0.814229143265,0.906843900680542
update_rule,0.397782754898,0.136947846384,0.814229143265,1.11022302463e-16,0.0300820913325,0.814229143265,0.3878169059753418
