model,mean time,std time,mean nmi,std nmi,best_cost,best_nmi,best_time
abs_adam,0.816814422607,0.0315899998667,1.0,0.0,0.0301631645655,1.0,0.8147399425506592
kl_adam,1.47335486412,0.423439597783,1.0,0.0,0.0302727865007,1.0,1.103715181350708
update_rule,0.358815765381,0.0394719289074,0.888871670343,0.0,0.0316726116931,0.888871670343,0.38171887397766113
