model,mean time,std time,mean nmi,std nmi,best_cost,best_nmi
abs_adam,3.77556204796,0.0,1.0,0.0,0.00478435546875,1.0
update_rule,0.704261541367,0.0,1.0,0.0,0.00478463378906,1.0
