model,mean time,std time,mean nmi,std nmi,best_cost,best_nmi,best_time
abs_adam,2.41927375793,1.52838864945,0.861710953203,0.102195693833,0.00406776831055,1.0,5.013362169265747
abs_sgd,6.38984789848,0.0908639804776,0.0,0.0,nan,0.0,6.265454530715942
clip_adam,1.29883370399,0.313479085495,0.868011093962,0.0602918805874,0.0041268828125,0.909796338073,1.9101204872131348
clip_sgd,6.14095811844,0.0953455198816,0.0,0.0,nan,0.0,6.101606369018555
update_rule,1.16294488907,0.244530499286,1.0,0.0,0.00425758007812,1.0,0.9021353721618652
