model,mean time,std time,mean nmi,std nmi,best_cost,best_nmi,best_time
abs_adam,2.81209335327,1.51860057781,0.938790984585,0.050832911202,0.00498157177734,1.0,5.600829124450684
abs_sgd,6.20528416634,0.0890921790148,0.0,0.0,nan,0.0,6.311491012573242
clip_adam,2.56787362099,0.591932099248,0.981959267615,0.0360814647709,0.00498321142578,1.0,2.7895705699920654
clip_sgd,6.09083380699,0.0702333484114,0.0,0.0,nan,0.0,6.074408292770386
update_rule,7.26819109917,0.0477335478009,0.650160382053,0.114109549244,0.00535301757812,0.557599773209,7.349057912826538
