model,mean time,std time,mean nmi,std nmi,best_cost,best_nmi,best_time
abs_adam,1.19740839005,0.223679840034,0.680655056315,4.96506830649e-17,0.0274610288451,0.680655056315,1.4449758529663086
kl_adam,2.46705460548,0.646142884153,0.680655056315,7.02166693715e-17,0.0275611569498,0.680655056315,1.808244228363037
update_rule,0.585984039307,0.0348450901474,0.606907071828,8.5997505699e-17,0.0282434165072,0.606907071828,0.5732600688934326
