model,mean time,std time,mean nmi,std nmi,best_cost,best_nmi,best_time
abs_adam,1.51265587807,0.119814009213,0.956975578667,0.0603281605822,0.00485773876953,0.986075305175,1.5788311958312988
abs_sgd,4.86569657326,1.82826127079,0.719271650797,0.0751465404726,0.00493519335938,0.852631525445,1.9153552055358887
clip_adam,1.71622200012,0.224202892838,0.931261336745,0.0819459696718,0.00485783007813,1.0,1.3833577632904053
clip_sgd,1.93130116463,2.1120889068,0.586497369274,0.10731006698,0.00495233886719,0.59276314556,1.3167064189910889
update_rule,0.824817228317,0.160988973004,0.941732371892,0.0893444656253,0.00485557226563,0.99303460135,0.8813283443450928
