model,mean time,std time,mean nmi,std nmi,best_cost,best_nmi,best_time
abs_adam,3.15358662605,0.0,0.802016698652,0.0,0.0357138671875,0.802016698652,3.1535866260528564
abs_sgd,2.38218617439,0.0,0.802016698652,0.0,0.0357163671875,0.802016698652,2.3821861743927
clip_adam,5.76882719994,0.0,0.773212572622,0.0,0.0356494453125,0.773212572622,5.768827199935913
clip_sgd,4.12538862228,0.0,0.791411313146,0.0,0.0355751757813,0.791411313146,4.1253886222839355
update_rule,3.11605119705,0.0,0.802016698652,0.0,0.0355697617188,0.802016698652,3.116051197052002
