model,mean time,std time,mean nmi,std nmi,best_cost,best_nmi
abs_adam,2.31049847603,0.0,0.954759979786,0.0,0.00465352929688,0.954759979786
abs_sgd,13.2423641682,0.0,0.752748879794,0.0,0.00511874609375,0.752748879794
clip_adam,2.01462006569,0.0,0.811824335292,0.0,0.00478945556641,0.811824335292
clip_sgd,6.31984591484,0.0,0.459121622334,0.0,0.00569299462891,0.459121622334
update_rule,0.720262050629,0.0,0.854539576631,0.0,0.00491557666016,0.854539576631
