model,mean time,std time,mean nmi,std nmi,best_cost,best_nmi,best_time
abs_adam,1.67258338928,0.406318174837,0.908785510416,0.00841414901973,0.00458126708984,0.910225434037,2.053407907485962
abs_sgd,5.13186826706,2.19599327721,0.546496155729,0.0745850058684,0.00473003466797,0.679599077045,0.745049238204956
clip_adam,1.25892519951,0.517551415076,0.737332222554,0.35097461537,0.00458132617187,0.915431241799,1.4181795120239258
clip_sgd,5.81055183411,0.545468770783,0.396224277017,0.0350448254467,0.004736625,0.419797917946,5.980180025100708
update_rule,1.0365213871,0.138853649122,0.654257526112,0.119010930311,0.00461071435547,0.819254088909,0.8329188823699951
