model,mean time,std time,mean nmi,std nmi,best_cost,best_nmi,best_time
abs_adam,0.968437194824,0.149306695946,0.888871670343,0.0,0.0301067161759,0.888871670343,0.8160569667816162
kl_adam,1.03873720169,0.207708512061,0.744133969391,0.288113186798,0.0301756427142,0.753404712708,0.9231259822845459
update_rule,0.420095777512,0.0563307573749,0.791664023339,0.0451302398528,0.0302347328115,0.814229143265,0.5285439491271973
