model,mean time,std time,mean nmi,std nmi,best_cost,best_nmi,best_time
abs_adam,38.078369236,14.3424048722,0.998525392906,0.00294921418776,0.00565904178725,1.0,51.23257613182068
kl_adam,64.8680170536,35.3237721168,0.80257961418,0.344159482551,0.00580430947297,1.0,106.4162712097168
update_rule,9.14201946259,1.22624273862,1.0,0.0,0.00735518802292,1.0,11.311722993850708
