model,mean time,std time,mean nmi,std nmi,best_cost,best_nmi
abs_adam,1.66369533539,0.0,0.554606578943,0.0,0.0130382031202,0.554606578943
abs_sgd,2.8485763073,0.0,0.723628638786,0.0,0.0130497571081,0.723628638786
clip_adam,1.85099363327,0.0,0.612601695424,0.0,0.0130157694221,0.612601695424
clip_sgd,2.1396074295,0.0,0.658208157202,0.0,0.0130158420652,0.658208157202
update_rule,0.244830131531,0.0,0.602721766416,0.0,0.013014247641,0.602721766416
