model,mean time,std time,mean nmi,std nmi,best_cost,best_nmi
abs_adam,14.0425229073,0.0,0.97202715056,0.0,0.00219788549805,0.97202715056
update_rule,2.78529000282,0.0,0.758273650815,0.0,0.00226069897461,0.758273650815
