model,mean time,std time,mean nmi,std nmi,best_cost,best_nmi
abs_adam,3.22524893284,0.302725195885,0.996517300675,0.00348269932482,0.00454126123047,1.0
update_rule,0.891741752625,0.298407316208,0.939525070852,0.0604749291481,0.00458545214844,1.0
