model,mean time,std time,mean nmi,std nmi,best_cost,best_nmi
abs_adam,3.30095005035,0.0,0.48158986194,0.0,0.00213993954386,0.48158986194
abs_sgd,4.73109698296,0.0,-2.22044604925e-06,0.0,nan,-2.22044604925e-06
clip_adam,4.82730650902,0.0,-2.22044604925e-06,0.0,nan,-2.22044604925e-06
clip_sgd,4.75268316269,0.0,-2.22044604925e-06,0.0,nan,-2.22044604925e-06
update_rule,1.40723395348,0.0,0.528579861199,0.0,0.00253438250459,0.528579861199
