model,mean time,std time,mean nmi,std nmi,best_cost,best_nmi,best_time
abs_adam,1.38978414536,0.110306672187,0.735843673046,0.0,0.0277142430866,0.735843673046,1.4100868701934814
kl_adam,3.18063640594,0.239508874748,0.737404880344,0.00163506266391,0.0281479829888,0.736587349012,3.3135058879852295
update_rule,0.59200797081,0.0862440235922,0.736141143433,0.000364325330424,0.0321770146861,0.735843673046,0.5366039276123047
