model,mean time,std time,mean nmi,std nmi,best_cost,best_nmi
abs_adam,4.83896327019,0.0,0.359530010843,0.0,0.00210893124739,0.359530010843
abs_sgd,4.72345304489,0.0,-2.22044604925e-06,0.0,nan,-2.22044604925e-06
clip_adam,4.81083154678,0.0,-2.22044604925e-06,0.0,nan,-2.22044604925e-06
clip_sgd,4.76045775414,0.0,-2.22044604925e-06,0.0,nan,-2.22044604925e-06
update_rule,3.19815587997,0.0,0.395470942659,0.0,0.00253333396593,0.395470942659
