model,mean time,std time,mean nmi,std nmi,best_cost,best_nmi,best_time
abs_adam,1.83282060623,0.195542751372,0.974951539923,0.0361661228546,0.00459106005859,0.99303460135,2.100677490234375
abs_sgd,3.5794459343,2.25892058331,0.421410865583,0.0800232158186,0.00481507177734,0.54964771714,6.148258209228516
clip_adam,1.41590032578,0.169596789335,0.97485574718,0.0363577083398,0.00459100341797,0.99303460135,1.6613552570343018
clip_sgd,5.8194038868,0.267947214278,0.415660151138,0.100168467826,0.00484701318359,0.6053334449,5.925939083099365
update_rule,0.709884166718,0.198921486406,0.940193063298,0.0567511860072,0.0046323515625,0.99303460135,0.4117012023925781
