model,mean time,std time,mean nmi,std nmi,best_cost,best_nmi
abs_adam,6.79860711098,0.0,1.0,0.0,0.00439229589844,1.0
update_rule,15.2219157219,0.0,0.760051160704,0.0,0.00515661816406,0.760051160704
