model,mean time,std time,mean nmi,std nmi,best_cost,best_nmi,best_time
abs_adam,12.0471237659,5.32036042551,0.826269705012,0.309607036632,0.00553823589028,0.981073223328,11.89726996421814
kl_adam,48.7586610317,34.2642964849,0.971127470322,0.0194582596053,0.00567868256568,0.981073223328,20.576719999313354
update_rule,3.52351894379,0.354727980778,0.875855201328,8.5997505699e-17,0.00601150690706,0.875855201328,3.047935962677002
