model,mean time,std time,mean nmi,std nmi,best_cost,best_nmi,best_time
abs_adam,1.65709104538,0.831648522395,0.915030672475,0.0923431104489,0.0040510793457,0.99303460135,3.270502805709839
abs_sgd,4.865772295,2.13054170577,0.364881286849,0.0216013180671,0.00449833105469,0.398352486274,6.129521131515503
clip_adam,2.2824514389,0.876646852142,0.971690450914,0.0426883008728,0.00404545410156,0.99303460135,2.322723627090454
clip_sgd,6.0732773304,0.0419230123953,0.271431742056,0.0611420964413,0.00449180908203,0.380707750913,6.019358396530151
update_rule,0.609473562241,0.0669810494549,0.663745618253,0.0223540679876,0.00420949853516,0.661650689746,0.5723931789398193
