model,mean time,std time,mean nmi,std nmi,best_cost,best_nmi,best_time
abs_adam,1.83481841087,0.80312048447,0.752917675574,0.00566983797601,0.0277589385364,0.759861780556,1.4422271251678467
kl_adam,3.25763821602,0.334019198522,0.781299123243,0.0168707031474,0.0283647532906,0.776282588398,3.0159928798675537
update_rule,0.839900398254,0.453104233206,0.742854280923,0.00350530393851,0.0329099348073,0.744606932892,0.659311056137085
