model,mean time,std time,mean nmi,std nmi,best_cost,best_nmi,best_time
abs_adam,3.29186401367,0.609352858318,0.88416700623,0.0330033807584,0.0119241728516,0.90942862216,2.626239061355591
update_rule,4.39737181664,0.354949253342,0.660412685615,0.0698733536119,0.0114497607422,0.624115687502,4.420756101608276
