model,mean time,std time,mean nmi,std nmi,best_cost,best_nmi,best_time
abs_adam,2.32060642242,0.554140713609,0.760741021169,0.052410117764,0.00469021240234,0.792083550238,2.638127088546753
update_rule,4.51738638878,1.77736912271,0.384828902273,0.0733348382895,0.004787390625,0.402309985164,4.488335132598877
