model,mean time,std time,mean nmi,std nmi,best_cost,best_nmi,best_time
abs_adam,2.48081979752,0.400517181709,0.931489479641,0.0567730551315,0.00475068408203,1.0,3.2127790451049805
update_rule,7.48836197853,0.0619082777546,0.579372146158,0.0969728751218,0.00501551025391,0.592139012868,7.563281059265137
