model,mean time,std time,mean nmi,std nmi,best_cost,best_nmi,best_time
abs_adam,3.33242837588,0.228016584673,0.364433175737,0.035160150047,0.00484309033203,0.375608627487,3.079153060913086
update_rule,2.72812835375,0.262735006792,0.411547684199,0.0103369171067,0.00407871557617,0.405929892533,2.906244993209839
