model,mean time,std time,mean nmi,std nmi,best_cost,best_nmi,best_time
abs_adam,5.05892181396,2.46081599281,0.941769479624,0.0713189140977,0.00582767480469,1.0,8.222000122070312
update_rule,6.49531106949,1.60945107904,0.979281409627,0.0414371807468,0.00726456005859,0.896407048133,9.416808128356934
