model,mean time,std time,mean nmi,std nmi,best_cost,best_nmi,best_time
abs_adam,4.7037007014,0.66301577735,0.371773875216,0.00500252137466,0.00482908837891,0.364917310013,3.768440008163452
update_rule,3.63064861298,0.240134304726,0.407877617529,0.0145382523973,0.00402952026367,0.413419311994,3.2948358058929443
