model,mean time,std time,mean nmi,std nmi,best_cost,best_nmi,best_time
abs_adam,2.21626607577,0.401365323863,0.397081963179,0.0832030482554,0.00452282421875,0.513655124934,2.7088420391082764
update_rule,3.78474903107,0.318474350303,0.171531967715,0.0192467509128,0.00457166552734,0.178136495487,3.5812671184539795
