model,mean time,std time,mean nmi,std nmi,best_cost,best_nmi,best_time
abs_adam,3.40906920433,0.958561758961,0.64428313837,0.0485269835215,0.00468656884766,0.687549713547,4.41008996963501
update_rule,1.79567403793,0.476352796582,0.525448002484,0.0109373716949,0.00470621386719,0.533170657793,2.6510651111602783
