model,mean time,std time,mean nmi,std nmi,best_cost,best_nmi,best_time
abs_adam,3.94439411163,0.752817016314,0.334257398632,0.0105404229934,0.00484424707031,0.320112166754,4.61404013633728
update_rule,5.20372724533,0.235684857774,0.392537977176,0.0076526003928,0.00399391918945,0.397949182808,5.294978857040405
