model,mean time,std time,mean nmi,std nmi,best_cost,best_nmi,best_time
abs_adam,2.05560127894,0.275950053687,0.54368710561,0.00278014628298,0.00453449609375,0.544583519132,2.324237108230591
update_rule,7.37663825353,0.0464901033513,0.165748279568,0.0859294402368,0.00465292919922,0.103332206573,7.371869802474976
