model,mean time,std time,mean nmi,std nmi,best_cost,best_nmi,best_time
abs_adam,3.90194662412,0.543547567459,0.37645650433,0.00227024681495,0.0048382109375,0.375673550067,4.421938180923462
update_rule,2.85873834292,0.396812034566,0.425968794635,0.00567282554863,0.00406303662109,0.417972877874,2.3374991416931152
