model,mean time,std time,mean nmi,std nmi,best_cost,best_nmi,best_time
abs_adam,2.77806433042,0.338132987428,0.518859440732,0.0668538201728,0.00455227050781,0.566676194655,2.776211977005005
update_rule,5.65483442942,2.60761617177,0.229777205305,0.0372820260516,0.00473599365234,0.205086031107,7.427978038787842
