model,mean time,std time,mean nmi,std nmi,best_cost,best_nmi,best_time
abs_adam,3.60385775566,0.206954532332,0.35802360851,0.0124890894558,0.00483355517578,0.343434736565,3.6939971446990967
update_rule,3.16826136907,0.0990331904958,0.401866341956,0.00640932234729,0.00404176293945,0.40759439639,3.0651371479034424
