model,mean time,std time,mean nmi,std nmi,best_cost,best_nmi,best_time
abs_adam,2.31446027756,0.198831874223,0.458009781368,0.0993159469144,0.004654984375,0.579108736919,2.0482559204101562
update_rule,2.23932512601,0.470822910406,0.396203122394,0.0486174933981,0.00494169482422,0.346597964414,2.7108941078186035
