model,mean time,std time,mean nmi,std nmi,best_cost,best_nmi,best_time
abs_adam,2.48487362862,0.615585277717,0.522725905615,0.0677610987574,0.00466522363281,0.572119095644,2.506242036819458
update_rule,1.2005294323,0.396606296464,0.421686899902,0.0120780164453,0.00466942089844,0.43300921156,0.7399811744689941
