model,mean time,std time,mean nmi,std nmi,best_cost,best_nmi,best_time
abs_adam,2.75769219398,0.408735237771,0.548384183977,0.0777000815271,0.00467451171875,0.623495157476,2.244694948196411
update_rule,2.43787870407,1.51639527633,0.442406081305,0.0576975262468,0.00467628466797,0.329429180036,5.366108179092407
