model,mean time,std time,mean nmi,std nmi,best_cost,best_nmi,best_time
abs_adam,4.07552981377,0.855762219445,0.879914614628,0.0863291848025,0.0119203867188,0.947015047142,3.6315338611602783
update_rule,6.49774079323,0.641792600876,0.600984433789,0.0162013970776,0.0113700517578,0.569631196206,7.695929050445557
