model,mean time,std time,mean nmi,std nmi,best_cost,best_nmi,best_time
abs_adam,4.16556564967,0.120521329974,0.332862674354,0.0406673900536,0.00484456396484,0.353944977792,4.146039009094238
update_rule,3.27063194911,0.208335537873,0.445387027344,0.0126596647979,0.00405406030273,0.427483557692,3.2041540145874023
