model,mean time,std time,mean nmi,std nmi,best_cost,best_nmi,best_time
abs_adam,3.52414361636,0.185701730094,0.352254312712,0.0227638266919,0.00481642382813,0.34696518901,3.341157913208008
update_rule,1.88462670644,0.695999665885,0.370927816453,0.00916978837793,0.00392694970703,0.367136993632,1.4575181007385254
