model,mean time,std time,mean nmi,std nmi,best_cost,best_nmi,best_time
abs_adam,2.90776791573,0.730056344764,0.616696192142,0.00363256367929,0.00467021728516,0.619965023936,3.249364137649536
update_rule,1.6974843502,0.275044043242,0.524493417723,0.0585097594826,0.00467322558594,0.611365963596,1.2755088806152344
