model,mean time,std time,mean nmi,std nmi,best_cost,best_nmi,best_time
abs_adam,5.3144393762,1.13577157104,0.651928781789,0.00143329410436,0.00459330078125,0.653048887303,6.232873201370239
update_rule,1.93234221141,1.05960247413,0.409202286561,0.172703999704,0.00504862695312,0.554344942019,2.4179208278656006
