model,mean time,std time,mean nmi,std nmi,best_cost,best_nmi,best_time
abs_adam,2.60579118729,0.234625558108,0.561933410963,0.0627647671067,0.00559778125,0.595849366152,2.998854875564575
update_rule,1.40664834976,0.305062197243,0.456446571619,0.0134483756814,0.005545421875,0.477117303465,0.8627150058746338
