model,mean time,std time,mean nmi,std nmi,best_cost,best_nmi,best_time
abs_adam,2.81680402756,0.911224669352,0.78689877,0.0840628972822,0.00470706103516,0.855099536862,4.544651031494141
update_rule,7.48886623383,0.836938910216,0.393125707882,0.130872698301,0.00485294628906,0.357884385738,9.075051069259644
