model,mean time,std time,mean nmi,std nmi,best_cost,best_nmi,best_time
abs_adam,2.95231781006,0.121437013061,0.568531094665,0.0641688770678,0.00467321630859,0.617447828166,3.151262044906616
update_rule,1.33663239479,0.271651205461,0.557004107774,0.0760077153633,0.00467327490234,0.617943514227,1.1338441371917725
