model,mean time,std time,mean nmi,std nmi,best_cost,best_nmi,best_time
abs_adam,3.80902342796,1.50572073106,0.980436004364,0.0391279912716,0.00475342578125,1.0,6.2679150104522705
update_rule,9.34727964401,1.73423804991,0.363897865738,0.247492064017,0.00509694824219,0.527634783799,9.39850115776062
