model,mean time,std time,mean nmi,std nmi,best_cost,best_nmi,best_time
abs_adam,2.22727222443,0.268334720676,0.948367112053,0.0615166884941,0.00473556103516,0.980838898197,2.5047030448913574
update_rule,7.25390396118,0.31411727126,0.438186250332,0.163234515544,0.00498270214844,0.126447262871,7.3100409507751465
