model,mean time,std time,mean nmi,std nmi,best_cost,best_nmi,best_time
abs_adam,2.72470506032,0.550396210725,0.530454419306,0.066164617597,0.00456689453125,0.575936965782,3.394134044647217
update_rule,2.10456665357,0.102840596651,0.22344629251,0.0230086868886,0.00487449267578,0.197200258571,2.0772769451141357
