model,mean time,std time,mean nmi,std nmi,best_cost,best_nmi,best_time
abs_adam,4.19970901807,1.3831258808,0.619765979438,0.0108812005719,0.00458244482422,0.62590457774,6.132752895355225
update_rule,2.02644459407,0.239366918343,0.452208254272,0.0578255000425,0.00500339599609,0.37048291985,1.9953498840332031
