model,mean time,std time,mean nmi,std nmi,best_cost,best_nmi,best_time
abs_adam,1.82220852375,0.508809447289,0.839694909301,0.0,0.0278661445047,0.839694909301,2.3310179710388184
update_rule,2.0894446373,0.824984550476,0.945156921007,0.054843078993,0.0335348600703,0.890313842014,2.914429187774658
