model,mean time,std time,mean nmi,std nmi,best_cost,best_nmi,best_time
abs_adam,10.6500740846,6.10210671746,0.795570827432,0.00338776546928,0.0082221309237,0.800361851305,19.244971990585327
update_rule,37.7545813719,4.5917237013,0.608745953521,0.251773064369,0.00929935880155,0.252685071249,34.902677059173584
