model,mean time,std time,mean nmi,std nmi,best_cost,best_nmi,best_time
abs_adam,2.04420959949,0.108041405678,0.839694909301,0.0,0.0278372960512,0.839694909301,1.9361681938171387
update_rule,1.86260306835,1.01052391529,0.815791347087,0.0239035622142,0.0335799125965,0.839694909301,2.873126983642578
