model,mean time,std time,mean nmi,std nmi,best_cost,best_nmi,best_time
abs_adam,30.7466355562,10.3845404387,0.992067832451,0.00793216754874,0.00846292307592,1.0,41.13117599487305
update_rule,12.9161230326,0.76035296917,0.00442453458627,0.00442453458627,0.010908664024,0.0,13.676476001739502
