model,mean time,std time,mean nmi,std nmi,best_cost,best_nmi,best_time
abs_adam,1.61844551563,0.108368515968,0.839694909301,0.0,0.027926058607,0.839694909301,1.7268140316009521
update_rule,0.928463459015,0.102357625961,0.869225612289,0.130774387711,0.0339868247104,1.0,0.8261058330535889
