model,mean time,std time,mean nmi,std nmi,best_cost,best_nmi,best_time
abs_adam,1.58512687683,0.369391918182,0.839694909301,0.0,0.0278547263632,0.839694909301,1.9545187950134277
update_rule,0.747591018677,0.027107000351,1.0,0.0,0.0339850753127,1.0,0.77469801902771
