model,mean time,std time,mean nmi,std nmi,best_cost,best_nmi,best_time
abs_adam,0.936672051748,0.165509520538,0.606907071828,0.0,0.0274224341429,0.606907071828,0.8552680015563965
update_rule,0.412870883942,0.0739653276953,0.606907071828,0.0,0.0277188684719,0.606907071828,0.31266283988952637
