model,mean time,std time,mean nmi,std nmi,best_cost,best_nmi,best_time
abs_adam,14.267941316,4.93227539123,0.771254141307,1.11022302463e-16,0.00817459525575,0.771254141307,21.00055503845215
update_rule,38.4722003937,2.19483094878,0.761374651212,0.0,0.00901222514181,0.761374651212,37.70422697067261
