model,mean time,std time,mean nmi,std nmi,best_cost,best_nmi,best_time
abs_adam,1.58074104786,0.269435048103,0.919847454651,0.0801525453494,0.0279102863476,1.0,1.8501760959625244
update_rule,1.0446189642,0.127349019051,0.791887784873,0.0,0.0340137659882,0.791887784873,0.9172699451446533
