model,mean time,std time,mean nmi,std nmi,best_cost,best_nmi,best_time
abs_adam,6.34986352921,0.595569610596,0.709500785751,0.00297929300707,0.00813297628771,0.712480078758,5.754293918609619
update_rule,1.8087644577,0.0414605140686,0.714637310259,0.0038961165019,0.00813215432466,0.718533426761,1.7673039436340332
