model,mean time,std time,mean nmi,std nmi,best_cost,best_nmi,best_time
abs_adam,5.85086790721,0.525826075143,0.705216474625,0.0057939296325,0.00813283418783,0.712480078758,6.5087409019470215
update_rule,1.94407065709,0.0472490846491,0.716738040229,0.00310600565268,0.00813654964332,0.71371126117,1.8816869258880615
