model,mean time,std time,mean nmi,std nmi,best_cost,best_nmi,best_time
abs_adam,1.25940108299,0.205434083939,0.505940314357,0.0016635271007,0.0260108003162,0.507603841458,1.053966999053955
update_rule,0.551432967186,0.0632570981979,0.528148513676,0.007657683883,0.0260008132485,0.520490829793,0.4881758689880371
