model,mean time,std time,mean nmi,std nmi,best_cost,best_nmi,best_time
abs_adam,1.26613561312,0.160437139394,0.643377311396,0.0,0.0276070066699,0.643377311396,1.1640779972076416
update_rule,1.03322005272,0.381136482684,0.606907071828,0.0,0.0304193627321,0.606907071828,1.572206974029541
