model,mean time,std time,mean nmi,std nmi,best_cost,best_nmi,best_time
abs_adam,9.18288095792,4.05960265,0.747944910924,0.00751270968756,0.00814991680926,0.754778908962,14.678552865982056
update_rule,38.3807593187,0.609146779259,0.582965895663,0.0,0.00897964515997,0.582965895663,37.52262997627258
