model,mean time,std time,mean nmi,std nmi,best_cost,best_nmi,best_time
abs_adam,2.73207652569,0.342394471169,0.919847454651,0.0801525453494,0.0278373624841,1.0,2.3896820545196533
update_rule,0.832623958588,0.0925569534302,0.78086017554,0.011027609333,0.0340264823377,0.791887784873,0.9251809120178223
