model,mean time,std time,mean nmi,std nmi,best_cost,best_nmi,best_time
abs_adam,1.43131661415,0.0787007755987,0.627783023874,0.0,0.0275380798478,0.627783023874,1.3201849460601807
update_rule,0.906539360682,0.333455480596,0.606907071828,0.0,0.0300738566911,0.606907071828,0.48942017555236816
