model,mean time,std time,mean nmi,std nmi,best_cost,best_nmi,best_time
abs_adam,1.4513806502,0.187818020113,0.705222960226,0.0,0.0276340171485,0.705222960226,1.332880973815918
update_rule,2.70788693428,1.62060323907,0.592652632225,0.0124206980992,0.0304140481062,0.583869872372,4.149417877197266
