model,mean time,std time,mean nmi,std nmi,best_cost,best_nmi,best_time
abs_adam,18.9578830401,3.75038773136,0.785022593355,1.11022302463e-16,0.00818612033796,0.785022593355,22.208353996276855
update_rule,39.5381043752,2.5197984937,0.778822109047,0.0,0.0091676517708,0.778822109047,41.68687701225281
