model,mean time,std time,mean nmi,std nmi,best_cost,best_nmi,best_time
abs_adam,2.08304941654,0.201322436333,0.839694909301,0.0,0.0278319399049,0.839694909301,2.284371852874756
update_rule,0.702127456665,0.0126295089722,0.895943892436,0.104056107564,0.0339864427216,1.0,0.6894979476928711
