model,mean time,std time,mean nmi,std nmi,best_cost,best_nmi,best_time
abs_adam,2.05022203922,0.598382115364,0.919847454651,0.0801525453494,0.0278570819604,0.839694909301,2.648604154586792
update_rule,0.85845041275,0.0378565788269,0.874144136126,0.125855863874,0.033987281436,1.0,0.8205938339233398
