model,mean time,std time,mean nmi,std nmi,best_cost,best_nmi,best_time
abs_adam,2.42265200615,0.426501989365,0.839694909301,0.0,0.0278540371227,0.839694909301,1.996150016784668
update_rule,2.11519050598,1.21915054321,0.894895176091,0.0638975250522,0.033458160608,0.830997651039,3.334341049194336
