model,mean time,std time,mean nmi,std nmi,best_cost,best_nmi,best_time
abs_adam,1.35260907809,0.161003315079,0.596917104629,0.0141279471002,0.0274656293181,0.606907071828,1.2311429977416992
update_rule,0.714189052582,0.107200582163,0.606907071828,0.0,0.0279096026431,0.606907071828,0.701531171798706
