model,mean time,std time,mean nmi,std nmi,best_cost,best_nmi,best_time
abs_adam,1.79684841633,0.62631046772,0.839694909301,0.0,0.0278571733055,0.839694909301,2.423158884048462
update_rule,0.765115976334,0.130964994431,0.869225612289,0.130774387711,0.0339850033438,1.0,0.8960809707641602
