model,mean time,std time,mean nmi,std nmi,best_cost,best_nmi,best_time
abs_adam,6.27216601372,1.12569021462,0.714313447136,0.00257380195143,0.00813708284378,0.715494644844,7.834313154220581
update_rule,2.02810605367,0.120416521086,0.720799380314,0.00711221192058,0.00859805484407,0.725828473592,1.9746320247650146
