model,mean time,std time,mean nmi,std nmi,best_cost,best_nmi,best_time
abs_adam,2.19149851799,0.713075399399,0.839694909301,0.0,0.0278514656188,0.839694909301,2.904573917388916
update_rule,2.04832530022,1.15791249275,0.910294635149,0.0897053648515,0.0332369033225,0.820589270297,3.20623779296875
