model,mean time,std time,mean nmi,std nmi,best_cost,best_nmi,best_time
abs_adam,2.05643701553,0.278640985489,0.919847454651,0.0801525453494,0.0278303233728,0.839694909301,2.335078001022339
update_rule,1.58646798134,0.979281902313,0.815791347087,0.0239035622142,0.0337421111023,0.839694909301,2.5657498836517334
