model,mean time,std time,mean nmi,std nmi,best_cost,best_nmi,best_time
abs_adam,2.39848506451,0.0661910772324,0.839694909301,0.0,0.0278348823253,0.839694909301,2.33229398727417
update_rule,0.937026023865,0.097286939621,1.0,0.0,0.0339825065768,1.0,1.0343129634857178
