model,mean time,std time,mean nmi,std nmi,best_cost,best_nmi,best_time
abs_adam,17.9391216437,5.01385625036,0.813604825168,0.0,0.00823238688453,0.813604825168,16.37201499938965
update_rule,36.1286563079,0.635308684521,0.80374190823,0.00385008296072,0.00943503680684,0.799389502324,35.656798124313354
