model,mean time,std time,mean nmi,std nmi,best_cost,best_nmi,best_time
abs_adam,1.30402700106,0.216697353745,0.600129619133,0.0142673399077,0.027513070658,0.610218151931,1.0406250953674316
update_rule,0.464793364207,0.10286158683,0.606907071828,0.0,0.0286205750204,0.606907071828,0.5776619911193848
