model,mean time,std time,mean nmi,std nmi,best_cost,best_nmi,best_time
abs_adam,2.24748802185,0.977238893509,0.834566418423,0.00512849087851,0.02785705428,0.829437927544,1.2702491283416748
update_rule,1.02108800411,0.123950123787,0.895943892436,0.104056107564,0.0339872094671,1.0,1.14503812789917
