model,mean time,std time,mean nmi,std nmi,best_cost,best_nmi,best_time
abs_adam,1.64837106069,0.277185563176,0.586463888739,0.0,0.0275287764846,0.586463888739,1.3639209270477295
update_rule,0.553511381149,0.0768997151232,0.606907071828,0.0,0.0293176048089,0.606907071828,0.5851089954376221
