model,mean time,std time,mean nmi,std nmi,best_cost,best_nmi,best_time
abs_adam,2.56987633705,0.176593128601,0.805159875555,0.0903765283853,0.00158835791016,0.780453307076,2.7188048362731934
update_rule,0.69886059761,0.026031512144,0.697900263214,0.130621417571,0.00158671142578,0.816704691879,0.6749429702758789
