model,mean time,std time,mean nmi,std nmi,best_cost,best_nmi,best_time
abs_adam,3.34985432625,0.311637349104,0.809756922536,0.0176357512663,0.00159199560547,0.809358903446,3.650923013687134
update_rule,0.715681409836,0.0189656590713,0.756632473961,0.0929253022247,0.00158658105469,0.707106781187,0.6842360496520996
