model,mean time,std time,mean nmi,std nmi,best_cost,best_nmi,best_time
abs_adam,2.81728978157,0.13523513148,0.759252250367,0.110871937073,0.00159324511719,0.795858209676,3.0109078884124756
update_rule,0.700358247757,0.0321101993333,0.811590417731,0.156387224074,0.00158659387207,0.79836250568,0.7430891990661621
