model,mean time,std time,mean nmi,std nmi,best_cost,best_nmi,best_time
abs_adam,2.36036300659,0.162699763883,0.646384956032,0.126094528819,0.00158588427734,0.564529570035,2.5179989337921143
update_rule,2.45158243179,0.170599851244,0.627086737781,0.123292053199,0.00157211364746,0.426158222891,2.4857990741729736
