model,mean time,std time,mean nmi,std nmi,best_cost,best_nmi,best_time
abs_adam,3.17005939484,0.286372289525,0.0767107230475,0.0206218143395,0.00156056066895,0.0893387606922,3.553697109222412
update_rule,1.34087166786,0.128012253863,0.118702313679,0.0154012842965,0.00155937463379,0.127703528585,1.139246940612793
