model,mean time,std time,mean nmi,std nmi,best_cost,best_nmi
abs_adam,1.9833612442,0.0,0.0455667010131,0.0,0.0016331932373,0.0455667010131
abs_sgd,1.08938217163,0.0,0.866025403784,0.0,0.00163209606934,0.866025403784
clip_adam,1.95629477501,0.0,0.172074823364,0.0,0.00163313110352,0.172074823364
clip_sgd,0.713370084763,0.0,0.860884264073,0.0,0.0016319864502,0.860884264073
update_rule,1.431235075,0.0,1.0,0.0,0.00163203344727,1.0
