model,mean time,std time,mean nmi,std nmi
abs_adam,42.7669281483,23.6151165067,0.959584187033,0.0808316259339
update_rule,20.2401021481,31.4864862797,0.795576042809,0.397798271391
