model,mean time,std time,mean nmi,std nmi
abs_adam,32.6913494587,10.0570719324,1.0,0.0
update_rule,3.00364823341,0.0906611340852,0.963562902134,1.11022302463e-16
