model,mean time,std time,mean nmi,std nmi
abs_adam,53.6591657162,24.06155173,0.808141249505,0.38371750099
update_rule,4.00133724213,1.31122531834,0.984890346456,0.0204209476919
