model,mean time,std time,mean nmi,std nmi
abs_adam,45.7767864227,28.3934708119,0.763430925439,0.357873234204
update_rule,4.34562315941,0.411837532488,0.989946600538,0.0053602749515
