model,mean time,std time,mean nmi,std nmi
abs_adam,31.3632661819,16.5273783053,0.828845940782,0.342308118436
update_rule,3.66643633842,0.146238916055,0.968511048422,0.0
