model,mean time,std time,mean nmi,std nmi
abs_adam,52.6247645378,24.9561950878,0.800575832961,0.398848334077
update_rule,7.28323898315,3.15617433618,0.996214301744,0.00757139651158
