model,mean time,std time,mean nmi,std nmi
abs_adam,39.0981402874,22.8001668076,0.809507103599,0.380985792802
update_rule,2.39612412453,0.249566430901,0.952786961087,1.11022302463e-16
