model,mean time,std time,mean nmi,std nmi
abs_adam,23.6530815601,7.27050974473,0.911616254196,0.137889365095
update_rule,4.24400529861,0.0996399438626,0.980431842949,0.00241158462619
