model,mean time,std time,mean nmi,std nmi
abs_adam,47.1701987267,15.0768452536,1.0,0.0
update_rule,3.98760585785,0.98004236317,0.860942141775,0.225523641521
