model,mean time,std time,mean nmi,std nmi
abs_adam,39.0482757568,19.430607214,0.992626964531,0.0
update_rule,2.82190976143,0.237691201895,0.933048558537,1.11022302463e-16
