model,mean time,std time,mean nmi,std nmi
abs_adam,38.3880034924,11.2500736507,1.0,0.0
update_rule,4.04335465431,1.44367636783,0.998525347603,0.00294930479432
