model,mean time,std time,mean nmi,std nmi
abs_adam,58.6250467777,26.1209940572,0.965124348467,0.069751303065
update_rule,22.3439325333,32.8577544475,0.6,0.489897948557
