model,mean time,std time,mean nmi,std nmi
abs_adam,57.3883450508,25.9015379808,0.932052265179,0.135895469641
update_rule,19.7970046043,31.7048223544,0.792881505982,0.392824407882
