model,mean time,std time,mean nmi,std nmi
abs_adam,26.8888915062,15.0561525374,0.972665379713,0.00207716564572
update_rule,2.4053478241,0.172511409266,0.874994295622,4.96506830649e-17
