model,mean time,std time,mean nmi,std nmi
abs_adam,41.344487524,24.190152713,0.931092347325,0.093582005568
update_rule,52.4128194809,38.9175660878,0.403071358971,0.487398258811
