model,mean time,std time,mean nmi,std nmi
abs_adam,18.2291253567,3.76622502237,0.981073223328,0.0
update_rule,2.37977995872,0.268490349725,0.919565949259,1.71995011398e-16
