model,mean time,std time,mean nmi,std nmi
abs_adam,38.0531279564,17.6910566284,0.801618383647,0.396763232706
update_rule,4.09744310379,0.327930210485,0.973703962536,1.11022302463e-16
