model,mean time,std time,mean nmi,std nmi,best_cost,best_nmi,best_time
abs_adam,1.73094558716,0.110151387705,0.551244923271,0.0718590892917,0.00467168066406,0.612517265565,1.7284011840820312
update_rule,2.17180662155,0.704117721007,0.416724777718,0.0378203716766,0.004675921875,0.380580511676,2.776278018951416
