model,mean time,std time,mean nmi,std nmi,best_cost,best_nmi,best_time
abs_adam,1.93298101425,0.0,0.446278494888,0.0,0.00485944775391,0.446278494888,1.932981014251709
update_rule,0.749106884003,0.0,0.428940257286,0.0,0.00484778955078,0.428940257286,0.7491068840026855
