model,mean time,std time,mean nmi,std nmi,best_cost,best_nmi,best_time
abs_adam,3.74032988548,1.14763775383,1.0,0.0,0.00476719873047,1.0,4.080000877380371
update_rule,0.976764774323,0.244148956537,1.0,0.0,0.00530366748047,1.0,0.7045919895172119
