model,mean time,std time,mean nmi,std nmi,best_cost,best_nmi,best_time
abs_adam,3.29885654449,0.538828865159,0.539657784573,0.0668768110455,0.004665109375,0.568537832986,3.8766629695892334
update_rule,1.89013381004,0.558129731882,0.46104406723,0.0594461855022,0.00466424755859,0.578756870282,1.9101958274841309
