model,mean time,std time,mean nmi,std nmi,best_cost,best_nmi,best_time
abs_adam,2.77410216331,1.03106613175,1.0,0.0,0.00475522460937,1.0,4.4818150997161865
update_rule,7.74639678001,0.288691408216,0.570177752221,0.120995096056,0.00509093945313,0.506376702574,7.582321882247925
