model,mean time,std time,mean nmi,std nmi,best_cost,best_nmi,best_time
abs_adam,4.18168721199,1.25453537985,0.62047251067,0.0829930172964,0.00468578125,0.686463691197,5.841485977172852
update_rule,2.75038433075,0.977175948963,0.562221572283,0.102411703963,0.00469196728516,0.662865095063,1.079833984375
