model,mean time,std time,mean nmi,std nmi,best_cost,best_nmi,best_time
abs_adam,3.53247423172,0.960937786209,0.710380259143,0.00373290451577,0.00469043457031,0.705125661396,4.714640140533447
update_rule,4.51192059517,1.99544430768,0.5580499016,0.0915867710273,0.00470018945312,0.680002228289,2.014439821243286
