model,mean time,std time,mean nmi,std nmi,best_cost,best_nmi,best_time
abs_adam,3.67462964058,0.968594163341,0.853140419885,0.0464687412836,0.0119248769531,0.903884382776,5.361427068710327
update_rule,4.45302243233,0.430168324705,0.638720815657,0.0418990428075,0.0114389179688,0.626762325646,4.441464185714722
