model,mean time,std time,mean nmi,std nmi,best_cost,best_nmi,best_time
abs_adam,3.80062441826,1.26821274218,0.878678494022,0.0364049541785,0.0119207832031,0.906388429036,5.584766864776611
update_rule,3.45804252625,1.58078137563,0.58910616205,0.019123029998,0.0112848535156,0.60186366158,1.3322498798370361
