model,mean time,std time,mean nmi,std nmi,best_cost,best_nmi,best_time
abs_adam,3.60997247696,1.03532232413,0.900988046122,0.0376777590303,0.0119220517578,0.947015047142,2.773193120956421
update_rule,5.18796958923,0.801069161966,0.611362772884,0.0615458742957,0.0114533798828,0.620592610451,5.07427191734314
