model,mean time,std time,mean nmi,std nmi,best_cost,best_nmi,best_time
abs_adam,2.29813485146,0.747351640536,0.560006150238,0.0680223762453,0.00467298681641,0.617447828166,3.756540060043335
update_rule,1.71963076591,0.922933509826,0.495611932232,0.105745165393,0.00467443945313,0.591694609055,1.2007701396942139
