model,mean time,std time,mean nmi,std nmi,best_cost,best_nmi,best_time
abs_adam,2.91346087456,0.390926496622,0.591115881888,0.0526638925557,0.0046719609375,0.617447828166,3.3181991577148438
update_rule,2.45600094795,1.72845745828,0.504996098852,0.0922537388137,0.00467330224609,0.597055102736,1.7311129570007324
