model,mean time,std time,mean nmi,std nmi,best_cost,best_nmi,best_time
abs_adam,3.62904238701,0.657514423762,1.0,0.0,0.00476808203125,1.0,4.498058795928955
update_rule,1.00645503998,0.0676008077107,1.0,0.0,0.00530874755859,1.0,0.995581865310669
