model,mean time,std time,mean nmi,std nmi,best_cost,best_nmi,best_time
abs_adam,6.90940418243,2.44797421956,0.719095773933,0.0740882971977,0.00470160742188,0.762215865688,6.621687889099121
update_rule,10.3996659756,3.84061803306,0.545811877555,0.117361697625,0.00471130371094,0.51298442042,14.926788091659546
