model,mean time,std time,mean nmi,std nmi,best_cost,best_nmi,best_time
abs_adam,3.36112704277,0.743805207476,0.853865148496,0.0972994517191,0.0119224072266,0.90942862216,3.53157901763916
update_rule,4.89255919456,0.533502021036,0.601479046849,0.0117525131667,0.0113993623047,0.607721011575,4.94461989402771
