model,mean time,std time,mean nmi,std nmi,best_cost,best_nmi,best_time
abs_adam,3.5587038517,1.36537475198,0.453590795563,0.215274646158,0.00471624853516,0.573059357767,2.9431450366973877
update_rule,3.58414540291,2.35738119439,0.66361841197,0.0957887475373,0.00470598193359,0.472642049873,7.897702932357788
