model,mean time,std time,mean nmi,std nmi,best_cost,best_nmi,best_time
abs_adam,3.8876086235,0.707912564067,0.544543879967,0.0652503042127,0.00467445703125,0.617447828166,3.8652491569519043
update_rule,2.62463622093,0.443536918848,0.501813853185,0.0485526403043,0.00467522167969,0.597709078941,3.0057759284973145
