model,mean time,std time,mean nmi,std nmi,best_cost,best_nmi,best_time
abs_adam,3.4139714241,0.935874509541,0.652003426215,0.0650779665218,0.00468788769531,0.686463691197,4.302572965621948
update_rule,4.88875069618,2.59992810164,0.523400602189,0.0878922895607,0.00469489013672,0.693257737134,1.3682730197906494
