model,mean time,std time,mean nmi,std nmi,best_cost,best_nmi,best_time
abs_adam,4.19291319847,1.48169243402,0.670199135002,0.0435141685026,0.00468652880859,0.695079280184,3.5007450580596924
update_rule,1.79611816406,0.257044328544,0.679123516409,0.0118201202243,0.00469420410156,0.689621707577,1.584587812423706
