model,mean time,std time,mean nmi,std nmi,best_cost,best_nmi,best_time
abs_adam,3.85734658241,1.47181338636,0.979106257691,0.00866436672598,0.00473041894531,0.980838898197,6.59622597694397
update_rule,12.2464733601,1.23221269272,0.407610826289,0.231659097977,0.00496780175781,0.670180243331,12.363317966461182
