model,mean time,std time,mean nmi,std nmi,best_cost,best_nmi,best_time
abs_adam,3.28480062485,0.907827011653,0.829282212849,0.0430563153623,0.00470826464844,0.852947181373,3.809551954269409
update_rule,11.9499367714,0.656958715671,0.457547061269,0.120801825464,0.00485003466797,0.387793716276,11.892483949661255
