model,mean time,std time,mean nmi,std nmi,best_cost,best_nmi,best_time
abs_adam,4.27016744614,0.405622612212,0.794378798017,0.00455788840564,0.00469127197266,0.788328185011,4.963218927383423
update_rule,8.57726688385,0.623084283036,0.355963267595,0.0308776974492,0.00477402001953,0.298475577078,9.152959108352661
