model,mean time,std time,mean nmi,std nmi,best_cost,best_nmi,best_time
abs_adam,2.02470197678,0.267112286148,0.478163054081,0.0805119628809,0.00466522412109,0.572119095644,2.354491949081421
update_rule,1.22002449036,0.304738194675,0.457503765872,0.0511082654136,0.00466439404297,0.558991047916,1.6276378631591797
