model,mean time,std time,mean nmi,std nmi,best_cost,best_nmi,best_time
abs_adam,2.83996005058,1.26006482757,0.830073806958,0.288505023355,0.00475874462891,1.0,4.45317006111145
update_rule,8.1956202507,0.578625546895,0.544493171208,0.281675548021,0.00518426855469,0.619517490769,8.473387002944946
