model,mean time,std time,mean nmi,std nmi,best_cost,best_nmi,best_time
abs_adam,3.41173014641,1.64830413011,0.942477169975,0.0473757849091,0.00477791796875,1.0,6.204227924346924
update_rule,0.937999200821,0.0269985029965,1.0,0.0,0.00531324804687,1.0,0.9444530010223389
