model,mean time,std time,mean nmi,std nmi,best_cost,best_nmi,best_time
abs_adam,3.4447388649,0.876431001525,0.87833217811,0.0328385941876,0.0119221787109,0.9133797296,5.080181121826172
update_rule,7.00571117401,0.698921862586,0.618381066026,0.0614497393502,0.0113442490234,0.596092972488,6.613226890563965
