model,mean time,std time,mean nmi,std nmi,best_cost,best_nmi,best_time
abs_adam,2.68548994064,1.64583925534,0.786558714237,0.333980474854,0.00476030957031,1.0,5.700592994689941
update_rule,7.82484192848,0.0872107556702,0.694173486183,0.100509767656,0.00517779638672,0.809604072088,7.982173919677734
