model,mean time,std time,mean nmi,std nmi,best_cost,best_nmi,best_time
abs_adam,5.35892019272,0.698118500645,0.96521075295,0.0495206469251,0.00474428173828,1.0,5.930835962295532
update_rule,9.93582234383,7.09445828198,0.697371308054,0.163556129642,0.00505687597656,0.675258793857,15.970256090164185
