model,mean time,std time,mean nmi,std nmi,best_cost,best_nmi
abs_adam,4.84957170486,0.0,0.943759566263,0.0,0.00247084822313,0.943759566263
abs_sgd,4.69013595581,0.0,0.570209610937,0.0,0.00363259409721,0.570209610937
clip_adam,4.79891753197,0.0,0.963932197698,0.0,0.00241858030489,0.963932197698
clip_sgd,4.71217632294,0.0,-2.22044604925e-06,0.0,nan,-2.22044604925e-06
update_rule,4.68456077576,0.0,0.83201786317,0.0,0.00335141882737,0.83201786317
