model,mean time,std time,mean nmi,std nmi,best_cost,best_nmi
abs_adam,3.30836749077,0.0,0.858553110913,0.0,0.00232749347805,0.858553110913
abs_sgd,1.87708568573,0.0,0.497044154343,0.0,0.00301821867245,0.497044154343
clip_adam,4.8472173214,0.0,-2.22044604925e-06,0.0,nan,-2.22044604925e-06
clip_sgd,4.84349942207,0.0,-2.22044604925e-06,0.0,nan,-2.22044604925e-06
update_rule,1.18703985214,0.0,0.65903215741,0.0,0.00317532213047,0.65903215741
