model,mean time,std time,mean nmi,std nmi,best_cost,best_nmi
abs_adam,0.58284500667,0.0394119723386,0.814229143265,2.22044604925e-16,0.0301179181277,0.814229143265
abs_sgd,1.59151714189,0.113596018643,0.824892361419,0.0261194434934,0.0302292013019,0.814229143265
clip_adam,0.63022841726,0.112451037999,0.814229143265,2.22044604925e-16,0.0301177176675,0.814229143265
clip_sgd,1.57976474081,0.0372504040123,0.800085214249,0.0542486063514,0.030215595813,0.814229143265
update_rule,0.19920369557,0.0542520159193,0.888871670343,1.11022302463e-16,0.0310504210727,0.888871670343
