model,mean time,std time,mean nmi,std nmi,best_cost,best_nmi
abs_adam,2.06469631195,0.0,0.140641279821,0.0,0.00197904482491,0.140641279821
abs_sgd,4.77395749092,0.0,-2.22044604925e-06,0.0,nan,-2.22044604925e-06
clip_adam,4.7623705864,0.0,-2.22044604925e-06,0.0,nan,-2.22044604925e-06
clip_sgd,4.66340374947,0.0,-2.22044604925e-06,0.0,nan,-2.22044604925e-06
update_rule,0.709796905518,0.0,0.291759458809,0.0,0.00195817244914,0.291759458809
