model,mean time,std time,mean nmi,std nmi,best_cost,best_nmi
abs_adam,0.704333782196,0.0,1.0,0.0,0.0367684140801,1.0
abs_sgd,0.390314102173,0.0,1.0,0.0,0.0367854572833,1.0
clip_adam,0.660329341888,0.0,1.0,0.0,0.0367613695562,1.0
clip_sgd,0.389763593674,0.0,1.0,0.0,0.0367612019181,1.0
update_rule,0.204293251038,0.0,1.0,0.0,0.0367611199617,1.0
