model,mean time,std time,mean nmi,std nmi,best_cost,best_nmi,best_time
abs_adam,2.18321805,0.164206184567,0.980826763733,0.038346472533,0.00487005615234,1.0,2.3932671546936035
abs_sgd,6.30544867516,0.0574698076498,0.0,0.0,nan,0.0,6.288404226303101
clip_adam,2.29762969017,0.690547683862,0.945877802844,0.0441905889304,0.00487831054688,1.0,2.6429800987243652
clip_sgd,6.08727984428,0.0697277206586,0.0,0.0,nan,0.0,6.074844598770142
update_rule,0.960405683517,0.208929002278,1.0,0.0,0.00486863867187,1.0,0.8062443733215332
