model,mean time,std time,mean nmi,std nmi
abs_adam,1.26709270477,0.0,0.931981046143,0.0
abs_sgd,0.666229724884,0.0,0.932141039305,0.0
clip_adam,0.97309589386,0.0,0.951808187413,0.0
clip_sgd,1.63740444183,0.0,0.951808187413,0.0
update_rule,0.998912096024,0.0,0.923030330319,0.0
