model,mean time,std time,mean nmi,std nmi,best_cost,best_nmi
abs_adam,0.864577531815,0.0,1.0,0.0,0.0139412619174,1.0
abs_sgd,2.57568144798,0.0,1.0,0.0,0.0139695322141,1.0
clip_adam,0.804239988327,0.0,1.0,0.0,0.0139405522496,1.0
clip_sgd,2.53843426704,0.0,1.0,0.0,0.0139693338424,1.0
update_rule,0.202278375626,0.0,1.0,0.0,0.0139484833926,1.0
