model,mean time,std time,mean nmi,std nmi
abs_adam,1.92004704475,0.0,0.911125561313,0.0
abs_sgd,1.5721642971,0.0,0.905862935552,0.0
clip_adam,0.984134435654,0.0,0.909182188498,0.0
clip_sgd,0.91900062561,0.0,0.930775096169,0.0
update_rule,0.274904727936,0.0,0.912014434916,0.0
