model,mean time,std time,mean nmi,std nmi,best_cost,best_nmi
abs_adam,56.0649752617,0.0,0.00372451216185,0.0,0.000324611269531,0.00372451216185
abs_sgd,37.1760749817,0.0,0.0366234423114,0.0,0.00032459640625,0.0366234423114
clip_adam,56.1592190266,0.0,0.00652247666256,0.0,0.000324612460937,0.00652247666256
clip_sgd,31.1595482826,0.0,0.0268899385536,0.0,0.000324694160156,0.0268899385536
update_rule,31.2763257027,0.0,0.777513716685,0.0,0.000324346640625,0.777513716685
