model,mean time,std time,mean nmi,std nmi,best_cost,best_nmi
abs_adam,3.19878840446,0.0,0.801318313961,0.0,0.00163135571289,0.801318313961
abs_sgd,32.4532752037,0.0,0.0,0.0,nan,0.0
clip_adam,3.53772640228,0.0,0.776144759241,0.0,0.00163105395508,0.776144759241
clip_sgd,32.4589145184,0.0,0.0,0.0,nan,0.0
update_rule,1.67148351669,0.0,0.958354934377,0.0,0.00162502868652,0.958354934377
