model,mean time,std time,mean nmi,std nmi,best_cost,best_nmi
abs_adam,0.857161664963,0.207372551322,0.587316048237,0.00485542454181,0.0269424514598,0.5814537998
abs_sgd,1.82215056419,0.0599591597395,0.615149560109,0.0388891004411,0.0270938518637,0.599420924042
clip_adam,0.770358848572,0.0594520439361,0.630213134964,0.0495810904878,0.0269402259602,0.592712512285
clip_sgd,1.80081005096,0.0664036377729,0.618859263202,0.0472185695319,0.0271526172318,0.592436974932
update_rule,0.470195531845,0.109939114924,0.555907010049,0.0187466039518,0.0284148823918,0.589753108727
