model,mean time,std time,mean nmi,std nmi,best_cost,best_nmi
abs_adam,35.7414836884,0.0,0.0029721936802,0.0,0.00032431109375,0.0029721936802
abs_sgd,41.9813997746,0.0,0.610373945756,0.0,0.000324019023437,0.610373945756
clip_adam,36.1551482677,0.0,0.00209684192886,0.0,0.000324312265625,0.00209684192886
clip_sgd,42.2043750286,0.0,0.32592203632,0.0,0.000324018945313,0.32592203632
update_rule,24.1124677658,0.0,0.845552183986,0.0,0.000324077246094,0.845552183986
