model,mean time,std time,mean nmi,std nmi,best_cost,best_nmi
abs_adam,0.557755742754,0.0486098876602,0.814229143265,2.22044604925e-16,0.0301165704797,0.814229143265
abs_sgd,1.49322972979,0.125027520462,0.835555579573,0.033720056554,0.0301800131426,0.814229143265
clip_adam,0.630332333701,0.041318776837,0.814229143265,2.22044604925e-16,0.0301164196384,0.814229143265
clip_sgd,1.46387314796,0.157151436537,0.790135543958,0.0482648075961,0.0302095542217,0.814229143265
update_rule,0.189931971686,0.0465217230217,0.878208452189,0.0261194434934,0.0307685046241,0.888871670343
