model,mean time,std time,mean nmi,std nmi,best_cost,best_nmi
abs_adam,3.52230167389,0.646594762802,0.639406126157,0.0892494835677,0.00451989501953,0.728655609725
update_rule,1.35465860367,0.211439371109,0.522737854145,0.0102762456581,0.00452221630859,0.533014099803
