model,mean time,std time,mean nmi,std nmi,best_cost,best_nmi,best_time
abs_adam,2.06105532646,0.477725568612,0.770090485703,0.0975504740576,0.00491854541016,0.817670944432,2.23722243309021
abs_sgd,4.76861057281,1.28610352111,0.612907307462,0.0601293072577,0.00506543701172,0.657533839332,4.186774253845215
clip_adam,6.18620781898,0.0828386099618,0.0,0.0,nan,0.0,6.213529348373413
clip_sgd,4.44422802925,1.89724313789,0.500549018894,0.0619036440802,0.00516105859375,0.457764129864,6.1554131507873535
update_rule,0.969202709198,0.36703562355,0.465977426677,0.0676795031568,0.00499847949219,0.497341037888,0.6748645305633545
