model,mean time,std time,mean nmi,std nmi,best_cost,best_nmi,best_time
abs_adam,1.61310677528,0.194803848076,0.995820743506,0.0055723492023,0.00486001220703,1.0,1.7662510871887207
abs_sgd,1.49968681335,0.573622792195,0.66462014531,0.0806332402334,0.00498809960938,0.785061695465,0.6381785869598389
clip_adam,1.80283169746,0.250598520387,0.972045934476,0.0422078176312,0.00486017773438,0.99303460135,1.819164514541626
clip_sgd,4.07593326569,2.47775803807,0.560784285326,0.144707409694,0.00498349169922,0.42420097077,0.47597527503967285
update_rule,0.628595304489,0.0447636819926,0.993379124132,0.00388355740167,0.00485866259766,1.0,0.6651859283447266
