model,mean time,std time,mean nmi,std nmi,best_cost,best_nmi
abs_adam,3.75215005875,0.0,0.99303460135,0.0,0.00467668896484,0.99303460135
abs_sgd,13.6106247902,0.0,0.392209208859,0.0,0.00597714892578,0.392209208859
clip_adam,2.1943552494,0.0,0.99303460135,0.0,0.00467754199219,0.99303460135
clip_sgd,13.2261953354,0.0,0.234343557787,0.0,0.00597146044922,0.234343557787
update_rule,0.44051361084,0.0,0.97908476441,0.0,0.00516084716797,0.97908476441
