model,mean time,std time,mean nmi,std nmi,best_cost,best_nmi
abs_adam,2.65991616249,0.0,0.672900629158,0.0,0.0130213620141,0.672900629158
abs_sgd,2.88625693321,0.0,0.673750653227,0.0,0.0130341369659,0.673750653227
clip_adam,1.90239572525,0.0,0.639961663601,0.0,0.0130184916779,0.639961663601
clip_sgd,2.91272163391,0.0,0.59932104921,0.0,0.0130211664364,0.59932104921
update_rule,0.452221870422,0.0,0.635728626872,0.0,0.0130823999643,0.635728626872
