model,mean time,std time,mean nmi,std nmi,best_cost,best_nmi
abs_adam,0.790975161961,0.159415330761,0.689239182228,8.3924972085e-17,0.027285295024,0.689239182228
abs_sgd,0.978056737355,0.573298419949,0.689239182228,1.32697032177e-16,0.0272943355787,0.689239182228
clip_adam,0.702127150127,0.15205306434,0.691362445323,0.00335717372627,0.0272834988216,0.689239182228
clip_sgd,1.02087296758,0.598936508142,0.689774264186,0.0013106777664,0.0272879287926,0.689239182228
update_rule,0.196462733405,0.0495691655489,0.692449673973,0.0013106777664,0.0276684617153,0.69298475593
