model,mean time,std time,mean nmi,std nmi,best_cost,best_nmi
abs_adam,4.06478023529,0.0,0.979122440351,0.0,0.00465724023438,0.979122440351
abs_sgd,13.279763937,0.0,0.541588774937,0.0,0.00567272900391,0.541588774937
clip_adam,12.9499475956,0.0,0.0,0.0,nan,0.0
clip_sgd,12.9430341721,0.0,0.372614679482,0.0,0.00586942822266,0.372614679482
update_rule,1.88029074669,0.0,0.899943671023,0.0,0.00500669335937,0.899943671023
