model,mean time,std time,mean nmi,std nmi,best_cost,best_nmi
abs_adam,0.63749561991,0.125847388836,0.814229143265,2.22044604925e-16,0.0301256467599,0.814229143265
abs_sgd,1.54639663015,0.12653882739,0.814229143265,2.22044604925e-16,0.0302313428516,0.814229143265
clip_adam,0.53086403438,0.081828040306,0.814229143265,2.22044604925e-16,0.0301256348514,0.814229143265
clip_sgd,1.59448037829,0.0852956647987,0.789421996095,0.0416129537352,0.0303752037787,0.814229143265
update_rule,0.219551597323,0.052839172674,0.888871670343,1.11022302463e-16,0.0312712070969,0.888871670343
