model,mean time,std time,mean nmi,std nmi,best_cost,best_nmi
abs_adam,0.586270904541,0.173726193003,0.522654047964,0.0151846232792,0.0259694901724,0.542258710247
abs_sgd,0.472032690048,0.0339524638109,0.519005858734,0.0246546375863,0.0259862616922,0.529301815371
clip_adam,0.567305040359,0.0651545226147,0.534824280978,0.016638121887,0.0259653519611,0.554020042412
clip_sgd,0.499280786514,0.103032400672,0.514105218343,0.0141502342731,0.0259655291153,0.540543987737
update_rule,0.312744188309,0.112060912648,0.530795426312,0.0140730655898,0.0259695898216,0.542258710247
