model,mean time,std time,mean nmi,std nmi,best_cost,best_nmi
abs_adam,1.35827422142,0.0,0.433498934565,0.0,0.0501860827208,0.433498934565
abs_sgd,1.97264575958,0.0,0.397370935675,0.0,0.0506716966629,0.397370935675
clip_adam,2.06349611282,0.0,0.504442254613,0.0,0.0475629530847,0.504442254613
clip_sgd,1.80256342888,0.0,0.412027962007,0.0,0.04794453457,0.412027962007
update_rule,1.44241762161,0.0,0.448116061925,0.0,0.0498185642064,0.448116061925
