model,mean time,std time,mean nmi,std nmi,best_cost,best_nmi
abs_adam,0.672472885677,0.132886432671,1.0,0.0,0.0301614814941,1.0
abs_sgd,1.36726076262,0.375153523067,0.984124524335,0.0388868148039,0.0303610743147,1.0
clip_adam,0.55089027541,0.0535399503565,1.0,0.0,0.0301613961497,1.0
clip_sgd,1.60254318374,0.11145987156,1.0,0.0,0.0305339146355,1.0
update_rule,0.160630055836,0.0177025226597,0.888871670343,1.11022302463e-16,0.0318715574838,0.888871670343
