model,mean time,std time,mean nmi,std nmi,best_cost,best_nmi
abs_adam,0.814668689455,0.179515517409,1.0,0.0,0.0301754660711,1.0
abs_sgd,1.58750939369,0.0530809043953,0.862565354116,0.103446842956,0.0356305347645,1.0
clip_adam,0.842608894621,0.123017265635,1.0,0.0,0.0301775282305,1.0
clip_sgd,1.50538904326,0.127331387055,0.782706805519,0.0566245181622,0.0340532546981,0.814229143265
update_rule,0.353895221438,0.426889785768,1.0,0.0,0.0340204864089,1.0
