model,mean time,std time,mean nmi,std nmi,best_cost,best_nmi
abs_adam,3.64812326431,0.0,0.747586548041,0.0,0.00163141125488,0.747586548041
abs_sgd,32.7704291344,0.0,0.0,0.0,nan,0.0
clip_adam,3.71647167206,0.0,0.704719539403,0.0,0.00163146374512,0.704719539403
clip_sgd,33.0994670391,0.0,0.0,0.0,nan,0.0
update_rule,1.59914374352,0.0,0.995295755475,0.0,0.00162614916992,0.995295755475
