model,mean time,std time,mean nmi,std nmi,best_cost,best_nmi
abs_adam,10.0602705479,0.0,0.83015686561,0.0,0.00223434716797,0.83015686561
update_rule,2.08800053596,0.0,0.90835811761,0.0,0.00223028540039,0.90835811761
