model,mean time,std time,mean nmi,std nmi,best_cost,best_nmi,best_time
abs_adam,1.04674139023,0.385408454888,0.345243050157,0.165105574948,0.00457888671875,0.538823713472,1.3415346145629883
abs_sgd,4.10220265388,1.9378412982,0.451822000528,0.0512239480389,0.00462823486328,0.519010888103,4.296653747558594
clip_adam,1.24756669998,0.178269156265,0.51229354762,0.0705267076704,0.00457336035156,0.568126909436,1.5215163230895996
clip_sgd,5.0687233448,0.989065744847,0.418383693908,0.0459873523574,0.00463680224609,0.460927298368,6.032083988189697
update_rule,0.845467996597,0.296683783757,0.373700084734,0.0728484687319,0.00459098095703,0.494927752424,0.7263062000274658
