model,mean time,std time,mean nmi,std nmi,best_cost,best_nmi
abs_adam,2.34026908875,0.0,0.709092907669,0.0,0.00461579003906,0.709092907669
abs_sgd,1.19201087952,0.0,0.713080928833,0.0,0.00461727880859,0.713080928833
clip_adam,13.4716141224,0.0,0.0,0.0,nan,0.0
clip_sgd,1.76107120514,0.0,0.709399098541,0.0,0.0046150234375,0.709399098541
update_rule,0.878601789474,0.0,0.700761042082,0.0,0.00461523388672,0.700761042082
