model,mean time,std time,mean nmi,std nmi,best_cost,best_nmi
abs_adam,2.89774298668,0.0,1.0,0.0,0.00478157324219,1.0
update_rule,0.854169130325,0.0,1.0,0.0,0.00478315527344,1.0
