model,mean time,std time,mean nmi,std nmi,best_cost,best_nmi
abs_adam,2.09385037422,0.0,0.878342329422,0.0,0.00463592578125,0.878342329422
abs_sgd,13.2334775925,0.0,0.764501074995,0.0,0.00486401074219,0.764501074995
clip_adam,2.03502249718,0.0,0.870321390251,0.0,0.00463616503906,0.870321390251
clip_sgd,12.996106863,0.0,0.684032407639,0.0,0.00501859082031,0.684032407639
update_rule,0.847467184067,0.0,0.794813689042,0.0,0.00478383300781,0.794813689042
