model,mean time,std time,mean nmi,std nmi,best_cost,best_nmi
abs_adam,3.43524622917,0.173191547394,1.0,0.0,0.00454150976563,1.0
update_rule,0.936074972153,0.0886368751526,1.0,0.0,0.00459533886719,1.0
