model,mean time,std time,mean nmi,std nmi,best_cost,best_nmi
abs_adam,14.031103611,0.0,1.0,0.0,0.00221517480469,1.0
update_rule,8.61895465851,0.0,0.827398753065,0.0,0.00251179370117,0.827398753065
