model,mean time,std time,mean nmi,std nmi,best_cost,best_nmi,best_time
abs_adam,1.63860492706,0.325372392763,0.956989616507,0.05380394427,0.00459255371094,1.0,2.2442615032196045
abs_sgd,6.23119707108,0.0628677011169,0.29063452441,0.059894764643,0.00494884667969,0.297375755517,6.203699111938477
clip_adam,1.42608528137,0.267415274979,0.957049548459,0.0526614629061,0.00459236572266,1.0,1.606785774230957
clip_sgd,5.94040937424,0.141533590332,0.217319171957,0.0524066679379,0.00498633349609,0.307343232482,5.9298529624938965
update_rule,0.651047134399,0.140754572274,0.927979464461,0.0401768901792,0.00463825,1.0,0.4503755569458008
