model,mean time,std time,mean nmi,std nmi,best_cost,best_nmi
abs_adam,3.60932946205,1.76404523849,0.996517300675,0.00348269932482,0.00454485302734,1.0
update_rule,1.24653279781,0.270845293999,0.94594355929,0.0470910420606,0.00460076074219,0.99303460135
