model,mean time,std time,mean nmi,std nmi,best_cost,best_nmi
abs_adam,18.8670202096,6.99797120848,0.981073223328,0.0,0.00555829850711,0.981073223328
update_rule,2.44945716858,0.298737695188,0.919565949259,1.11022302463e-16,0.00642986019422,0.919565949259
