model,mean time,std time,mean nmi,std nmi,best_cost,best_nmi
abs_adam,17.1260449092,4.49426778627,0.971972991165,0.00244796318956,0.0055377709443,0.973703962536
update_rule,2.22356065114,0.123824207177,0.874994295622,1.57009245868e-16,0.00602864964557,0.874994295622
