model,mean time,std time,mean nmi,std nmi
abs_adam,0.823103427887,0.0,0.93676372908,0.0
abs_sgd,0.585694313049,0.0,0.926818474222,0.0
clip_adam,1.10143971443,0.0,0.934827483636,0.0
clip_sgd,0.941851139069,0.0,0.951808187413,0.0
update_rule,1.68022537231,0.0,0.942474723521,0.0
