model,mean time,std time,mean nmi,std nmi,best_cost,best_nmi
abs_adam,11.7489402294,0.0,0.788868057517,0.0,0.0026543671875,0.788868057517
update_rule,9.06086397171,0.0,0.74210162798,0.0,0.00272325463867,0.74210162798
