model,mean time,std time,mean nmi,std nmi,best_cost,best_nmi
abs_adam,1.00758337975,0.0,0.725611490808,0.0,0.0139990895987,0.725611490808
abs_sgd,1.66604232788,0.0,1.0,0.0,0.0139231001958,1.0
clip_adam,1.1725051403,0.0,1.0,0.0,0.0139213297516,1.0
clip_sgd,1.65487551689,0.0,1.0,0.0,0.0139222424477,1.0
update_rule,0.353676557541,0.0,0.974831927249,0.0,0.013932492584,0.974831927249
