model,mean time,std time,mean nmi,std nmi,best_cost,best_nmi
abs_adam,2.05715155602,0.0,0.986075416173,0.0,0.00467516845703,0.986075416173
abs_sgd,13.6145379543,0.0,0.483897830815,0.0,0.00564155517578,0.483897830815
clip_adam,5.10705757141,0.0,0.986075416173,0.0,0.00466019433594,0.986075416173
clip_sgd,13.2667152882,0.0,0.240243238721,0.0,0.00679155664062,0.240243238721
update_rule,0.730980634689,0.0,0.94778906086,0.0,0.00508902001953,0.94778906086
