model,mean time,std time,mean nmi,std nmi,best_cost,best_nmi
abs_adam,2.69456553459,0.0,0.167570001849,0.0,0.00163287512207,0.167570001849
abs_sgd,1.74882173538,0.0,0.582638075012,0.0,0.00163349694824,0.582638075012
clip_adam,1.93691515923,0.0,0.0746185956153,0.0,0.0016341204834,0.0746185956153
clip_sgd,1.32137274742,0.0,0.387784794608,0.0,0.00163441040039,0.387784794608
update_rule,1.61037135124,0.0,0.866025403784,0.0,0.00163207409668,0.866025403784
