model,mean time,std time,mean nmi,std nmi
abs_adam,0.637242746353,0.0562120991075,1.0,0.0
abs_sgd,0.392941141129,0.0695889364088,1.0,0.0
clip_adam,0.609847998619,0.037902822481,1.0,0.0
clip_sgd,0.402639532089,0.0470511631889,1.0,0.0
update_rule,0.195099854469,0.0344767416058,1.0,0.0
