model,mean time,std time,mean nmi,std nmi,best_cost,best_nmi
abs_adam,3.03828334808,0.0,0.958251227976,0.0,0.00436505957031,0.958251227976
update_rule,1.03758454323,0.0,0.79813759855,0.0,0.00456913769531,0.79813759855
