model,mean time,std time,mean nmi,std nmi,best_cost,best_nmi
abs_adam,1.23038578033,0.0,1.0,0.0,0.0367922224104,1.0
abs_sgd,0.421328544617,0.0,1.0,0.0,0.036806140095,1.0
clip_adam,0.696445226669,0.0,1.0,0.0,0.0367898903787,1.0
clip_sgd,0.307887792587,0.0,1.0,0.0,0.036789804697,1.0
update_rule,0.204704284668,0.0,1.0,0.0,0.0367963314056,1.0
