model,mean time,std time,mean nmi,std nmi,best_cost,best_nmi
abs_adam,9.86875534058,0.0,0.859499103346,0.0,0.00222831201172,0.859499103346
update_rule,1.85203266144,0.0,0.746565157117,0.0,0.00220422924805,0.746565157117
