model,mean time,std time,mean nmi,std nmi,best_cost,best_nmi,best_time
abs_adam,2.59808297157,0.544565949768,0.974951539923,0.0361661228546,0.0040499699707,0.99303460135,2.686858892440796
abs_sgd,6.23247694969,0.0920089891727,0.206959453774,0.0350014655213,0.00461225927734,0.206644047866,6.250829696655273
clip_adam,1.6565633297,0.836713438213,0.937132399596,0.0459151578068,0.00404933227539,0.99303460135,1.329305648803711
clip_sgd,6.03068089485,0.0543806493202,0.179456509992,0.0456652998886,0.00468476269531,0.220026159668,5.969174146652222
update_rule,0.714706087112,0.161142670277,0.826806515284,0.0959258326267,0.00421072167969,0.789762760913,0.7305922508239746
