model,mean time,std time,mean nmi,std nmi,best_cost,best_nmi
abs_adam,55.2301063538,16.9728389997,1.0,0.0,0.00558936059327,1.0
update_rule,3.27816589673,0.13905395376,0.963562902134,0.0,0.00712283512004,0.963562902134
