model,mean time,std time,mean nmi,std nmi,best_cost,best_nmi
abs_adam,1.3331849575,0.0,0.399157901657,0.0,0.0491758547723,0.399157901657
abs_sgd,1.93481040001,0.0,0.37338030187,0.0,0.0492000803351,0.37338030187
clip_adam,2.07143616676,0.0,0.330133135208,0.0,0.0465315319598,0.330133135208
clip_sgd,1.9014749527,0.0,0.399157901657,0.0,0.0469704046845,0.399157901657
update_rule,1.46156477928,0.0,0.385437633172,0.0,0.0492786206305,0.385437633172
