model,mean time,std time,mean nmi,std nmi,best_cost,best_nmi
abs_adam,2.89404606819,0.0,0.537622444324,0.0,0.0016307800293,0.537622444324
abs_sgd,32.7088410854,0.0,0.0,0.0,nan,0.0
clip_adam,32.8779065609,0.0,0.0,0.0,nan,0.0
clip_sgd,32.049041748,0.0,0.0,0.0,nan,0.0
update_rule,3.35732197762,0.0,0.769224032742,0.0,0.00162146618652,0.769224032742
