model,mean time,std time,mean nmi,std nmi,best_cost,best_nmi
abs_adam,3.99693584442,0.0,0.901518271123,0.0,0.00435129980469,0.901518271123
update_rule,0.510756015778,0.0,0.901518271123,0.0,0.00435108056641,0.901518271123
