model,mean time,std time,mean nmi,std nmi,best_cost,best_nmi
abs_adam,4.90586423874,0.0,0.969818594559,0.0,0.00255183972877,0.969818594559
abs_sgd,4.81835746765,0.0,0.513348548195,0.0,0.00434551975056,0.513348548195
clip_adam,4.85166883469,0.0,0.96390433094,0.0,0.00249097768431,0.96390433094
clip_sgd,4.69507455826,0.0,-2.22044604925e-06,0.0,nan,-2.22044604925e-06
update_rule,4.82912111282,0.0,0.733944533915,0.0,0.00314935592626,0.733944533915
