model,mean time,std time,mean nmi,std nmi,best_cost,best_nmi,best_time
abs_adam,2.1525223732,0.643854064356,0.977442271897,0.0451154562066,0.00496260546875,1.0,3.427151679992676
abs_sgd,4.47644453049,2.23826925279,0.409113751401,0.0565070808049,0.00582029003906,0.319540329677,0.40538811683654785
clip_adam,1.38141241074,0.0857568817059,0.95421882373,0.0576109915441,0.00496147705078,1.0,1.3854882717132568
clip_sgd,5.69451327324,0.211206815209,0.107186043561,0.0929105636559,0.00604994238281,0.235567901847,5.955352067947388
update_rule,0.867075824738,0.317152503269,0.813720651254,0.126588608159,0.00536563037109,0.972150502243,0.42362427711486816
