model,mean time,std time,mean nmi,std nmi,best_cost,best_nmi
abs_adam,33.8800905546,7.92098730388,1.0,0.0,0.0055798505346,1.0
update_rule,2.34325965246,0.312877760694,0.952786961087,0.0,0.00696542913326,0.952786961087
