model,mean time,std time,mean nmi,std nmi,best_cost,best_nmi,best_time
abs_adam,1.7730401516,0.942032501197,0.778113341904,0.0698073954463,0.00403414624023,0.859938797639,1.605297565460205
abs_sgd,4.70024557114,2.00338181143,0.357252282022,0.0359835072176,0.00428721728516,0.31629782781,1.649465799331665
clip_adam,1.36990633011,0.295426820046,0.800389481393,0.0559632630687,0.00403499267578,0.866798860237,1.8203365802764893
clip_sgd,5.52758731842,0.659830283719,0.287222986873,0.0428586032939,0.00434654541016,0.312182339067,5.8456151485443115
update_rule,0.574096632004,0.139784561335,0.44948838935,0.0767443846444,0.00412040136719,0.477713174284,0.5739176273345947
