model,mean time,std time,mean nmi,std nmi,best_cost,best_nmi
abs_adam,1.09266734123,0.0,0.0534260892706,0.0,0.0016339276123,0.0534260892706
abs_sgd,1.3424012661,0.0,0.362842630009,0.0,0.00163180554199,0.362842630009
clip_adam,2.3776845932,0.0,0.50331627727,0.0,0.00163182055664,0.50331627727
clip_sgd,1.34325170517,0.0,0.415638284548,0.0,0.00163187548828,0.415638284548
update_rule,2.70521688461,0.0,1.0,0.0,0.0016265291748,1.0
