model,mean time,std time,mean nmi,std nmi,best_cost,best_nmi
abs_adam,1.00498008728,0.0,1.0,0.0,0.0139300655574,1.0
abs_sgd,0.546083450317,0.0,0.687467819195,0.0,0.0140520436689,0.687467819195
clip_adam,0.935689687729,0.0,0.717656678444,0.0,0.0140179647133,0.717656678444
clip_sgd,1.24046945572,0.0,1.0,0.0,0.013938350603,1.0
update_rule,0.425557613373,0.0,0.802431698288,0.0,0.0140114035457,0.802431698288
