model,mean time,std time,mean nmi,std nmi,best_cost,best_nmi
abs_adam,58.9356594086,23.1727936231,1.0,0.0,0.00565186657555,1.0
update_rule,4.25054033597,0.189300232042,0.341095955039,0.466012508069,0.00742640393451,0.0
