model,mean time,std time,mean nmi,std nmi,best_cost,best_nmi,best_time
abs_adam,1.61549201012,0.660968519975,0.878855117552,0.0671597764605,0.00404238427734,0.958237887717,2.926568031311035
abs_sgd,6.16187391281,0.0631804878079,0.396521498748,0.0300509770166,0.00443297607422,0.427475744016,6.218310117721558
clip_adam,1.4121409893,0.308512868715,0.863203272424,0.0879107041624,0.00404001147461,0.958237887717,1.4923739433288574
clip_sgd,5.99360399246,0.109733833374,0.396100532695,0.0187833381477,0.00441762353516,0.363711098444,6.093267202377319
update_rule,0.700268363953,0.166616555388,0.619989978642,0.112389080541,0.00416793554688,0.843966223539,0.65169358253479
