model,mean time,std time,mean nmi,std nmi,best_cost,best_nmi
abs_adam,1.40022492409,0.0,0.61959920768,0.0,0.0116508901119,0.61959920768
abs_sgd,2.84389257431,0.0,0.61836551189,0.0,0.0117056295276,0.61836551189
clip_adam,2.02849006653,0.0,0.684361327521,0.0,0.0116418469697,0.684361327521
clip_sgd,2.93263173103,0.0,0.626254996718,0.0,0.0116547206417,0.626254996718
update_rule,0.297052621841,0.0,0.610447458578,0.0,0.0116769457236,0.610447458578
