model,mean time,std time,mean nmi,std nmi,best_cost,best_nmi
abs_adam,14.6918165684,0.225966377586,0.437742859863,0.0069099288584,0.00548807231023,0.445197236697
update_rule,2.33943335215,0.0930818603019,0.473541278875,0.0361400567137,0.00548761000349,0.447575703564
