model,mean time,std time,mean nmi,std nmi,best_cost,best_nmi
abs_adam,0.690134797777,0.0861266363544,1.0,0.0,0.0301704367043,1.0
abs_sgd,1.47258639336,0.193600120375,0.952373573004,0.0549942608931,0.0316524446073,1.0
clip_adam,0.665192535945,0.0582749682149,1.0,0.0,0.0301702560917,1.0
clip_sgd,1.5762287208,0.0578404437941,0.952373573004,0.0549942608931,0.0313522644519,1.0
update_rule,0.170162950243,0.0216031369373,1.0,0.0,0.0328914888443,1.0
