model,mean time,std time,mean nmi,std nmi,best_cost,best_nmi
abs_adam,2.76613998413,0.0,0.586100990808,0.0,0.0114516662434,0.586100990808
abs_sgd,2.96845984459,0.0,0.629529727978,0.0,0.0114638088271,0.629529727978
clip_adam,1.928388834,0.0,0.574500435332,0.0,0.0114476224408,0.574500435332
clip_sgd,2.67443847656,0.0,0.591620720421,0.0,0.0114495018497,0.591620720421
update_rule,0.23211979866,0.0,0.586100990808,0.0,0.0114568248391,0.586100990808
