model,mean time,std time,mean nmi,std nmi,best_cost,best_nmi
abs_adam,1.03841996193,0.0,0.0267034639333,0.0,0.00163461584473,0.0267034639333
abs_sgd,1.23890137672,0.0,0.484360395748,0.0,0.00163181799316,0.484360395748
clip_adam,0.796372652054,0.0,0.021852920155,0.0,0.00163326696777,0.021852920155
clip_sgd,1.17137241364,0.0,0.62860505433,0.0,0.00163188049316,0.62860505433
update_rule,0.569843530655,0.0,0.745365075186,0.0,0.00163227172852,0.745365075186
