model,mean time,std time,mean nmi,std nmi,best_cost,best_nmi
abs_adam,3.04263567924,0.0,1.0,0.0,0.00438706494141,1.0
update_rule,5.65715456009,0.0,0.972125364721,0.0,0.00512338378906,0.972125364721
