model,mean time,std time,mean nmi,std nmi,best_cost,best_nmi
abs_adam,71.2020461559,0.420658130614,1.0,0.0,0.00563974015106,1.0
update_rule,51.2816578547,34.1053959722,0.92655805452,0.0519312976727,0.00693528198336,0.88983708178
