model,mean time,std time,mean nmi,std nmi,best_cost,best_nmi
abs_adam,36.4059859117,12.9922271407,1.0,0.0,0.00561948618939,1.0
update_rule,4.06799332301,0.447659326032,0.988159842221,0.00631714461205,0.00738740477625,0.992626738014
