model,mean time,std time,mean nmi,std nmi,best_cost,best_nmi
abs_adam,0.639993333817,0.125544573443,0.535515452279,0.0110969479811,0.0261831242914,0.530196752845
abs_sgd,0.74332318306,0.325567920391,0.563329573335,0.0330544894309,0.0262096143796,0.567523732829
clip_adam,0.645843219757,0.236603098076,0.545166995903,0.0185215813687,0.0261812420281,0.567598812581
clip_sgd,1.32865743637,0.0365297637205,0.53554308305,0.00913061367667,0.0262176776635,0.55317263367
update_rule,0.271818113327,0.0869142844614,0.543065962433,0.0213199181872,0.026543934794,0.547880657387
