model,mean time,std time,mean nmi,std nmi,best_cost,best_nmi
abs_adam,3.68905234337,0.0,0.986081716127,0.0,0.00546177246094,0.986081716127
update_rule,4.40289354324,0.0,0.48567297114,0.0,0.00588974560547,0.48567297114
