model,mean time,std time,mean nmi,std nmi,best_cost,best_nmi
abs_adam,0.996637105942,0.0,0.862296437679,0.0,0.055503603071,0.862296437679
abs_sgd,1.92494106293,0.0,0.862296437679,0.0,0.0555175766349,0.862296437679
clip_adam,2.0554227829,0.0,0.555264397699,0.0,0.0538438372314,0.555264397699
clip_sgd,1.9596221447,0.0,0.523387609497,0.0,0.0545764677227,0.523387609497
update_rule,1.44518470764,0.0,0.751800449906,0.0,0.0560947060585,0.751800449906
