model,mean time,std time,mean nmi,std nmi,best_cost,best_nmi
abs_adam,3.28582549095,0.0,1.0,0.0,0.00437828369141,1.0
update_rule,0.462654352188,0.0,0.947711889593,0.0,0.00487134960937,0.947711889593
