model,mean time,std time,mean nmi,std nmi,best_cost,best_nmi
abs_adam,11.1748034954,0.0,0.997565707473,0.0,0.00223944238281,0.997565707473
update_rule,1.77929973602,0.0,1.0,0.0,0.00226203540039,1.0
