model,mean time,std time,mean nmi,std nmi,best_cost,best_nmi
abs_adam,2.559253335,0.0696986913681,0.872185409923,0.0356899512669,0.00452996386719,0.90787536119
update_rule,1.37607085705,0.175763726234,0.764322916904,0.129238870395,0.00455280712891,0.893561787298
