model,mean time,std time,mean nmi,std nmi,best_cost,best_nmi,best_time
abs_adam,2.8567586422,0.285328205713,0.721381019446,0.077731008553,0.00158974389648,0.819941527968,3.2308731079101562
update_rule,0.692419958115,0.033913574358,0.812892911106,0.125543401358,0.0015866295166,0.809814922373,0.7396330833435059
