model,mean time,std time,mean nmi,std nmi,best_cost,best_nmi
abs_adam,0.640536117554,0.0737151234495,0.560118295223,0.0515177368578,0.0264780278974,0.546506803185
abs_sgd,0.987718725204,0.41856034788,0.551826330286,0.0134467080427,0.0265506057566,0.552312874165
clip_adam,0.714322519302,0.311238080042,0.440623104034,0.220551604463,nan,-1.11022302463e-06
clip_sgd,1.12904005051,0.381837474979,0.57455090799,0.0534994625299,0.0265517240425,0.549200898468
update_rule,0.244251728058,0.0192017373751,0.543449724035,0.0242879558533,0.0272791440795,0.591465810192
