model,mean time,std time,mean nmi,std nmi,best_cost,best_nmi
abs_adam,7.81921410561,0.0,0.219373724206,0.0,0.0016075357666,0.219373724206
abs_sgd,4.43361473083,0.0,0.0313472233655,0.0,0.00161204541016,0.0313472233655
clip_adam,32.447822094,0.0,0.0,0.0,nan,0.0
clip_sgd,7.59899711609,0.0,0.109685841532,0.0,0.00161074658203,0.109685841532
update_rule,2.34822750092,0.0,0.0739099165687,0.0,0.00160709350586,0.0739099165687
