model,mean time,std time,mean nmi,std nmi,best_cost,best_nmi,best_time
abs_adam,2.19076862335,0.803295142571,0.962834217288,0.0464697977821,0.00495747021484,0.986069116179,1.5635459423065186
abs_sgd,4.82301435471,1.95095412149,0.469121296501,0.0376721511657,0.00577850097656,0.528376883941,6.285672664642334
clip_adam,2.94648241997,1.8376013882,0.772069535808,0.387400888216,0.00495169189453,0.986069116179,2.1874401569366455
clip_sgd,6.16266036034,0.0382811269765,0.284057079721,0.0732420225239,0.00601352978516,0.346169225009,6.180614233016968
update_rule,0.968362760544,0.317902956895,0.796482435066,0.109444977207,0.00530072949219,0.775321537519,1.1321866512298584
