model,mean time,std time,mean nmi,std nmi,best_cost,best_nmi
abs_adam,0.773215770721,0.0,1.0,0.0,0.0367783010006,1.0
abs_sgd,0.346342086792,0.0,1.0,0.0,0.0367957390845,1.0
clip_adam,0.636116027832,0.0,1.0,0.0,0.0367765314877,1.0
clip_sgd,0.370195150375,0.0,1.0,0.0,0.0367761515081,1.0
update_rule,0.160855054855,0.0,1.0,0.0,0.0367800593376,1.0
