model,mean time,std time,mean nmi,std nmi,best_cost,best_nmi
abs_adam,0.764383690698,0.080264453667,1.0,0.0,0.0301735349054,1.0
abs_sgd,1.59228692736,0.0255452654049,0.90995940352,0.0622869749278,0.032986735206,0.888871670343
clip_adam,0.800726209368,0.0539742263024,1.0,0.0,0.0301736321583,1.0
clip_sgd,1.60161965234,0.0267405548694,0.859948837916,0.144834389282,0.0327412528873,1.0
update_rule,0.194574117661,0.027377480042,1.0,0.0,0.0341711570271,1.0
