model,mean time,std time,mean nmi,std nmi,best_cost,best_nmi
abs_adam,0.836086177826,0.0865015136625,0.595514189526,0.0222953027201,0.0271060284465,0.636269013521
abs_sgd,1.49500975609,0.448357814508,0.688923167063,0.0853952045471,0.0272398379925,0.75178794361
clip_adam,0.872182750702,0.0562475211445,0.666475617832,0.0516585527501,0.0270462333696,0.702935019495
clip_sgd,1.80780777931,0.0131570484469,0.660480730579,0.0745936203435,0.0273550961726,0.599833446833
update_rule,0.423986625671,0.0914521200347,0.597159283778,0.0140600756436,0.0289028397817,0.602780371395
