model,mean time,std time,mean nmi,std nmi,best_cost,best_nmi
abs_adam,18.0196064313,2.90832928882,0.992626964531,1.11022302463e-16,0.00556712412307,0.992626964531
update_rule,2.39739235242,0.0898251655323,0.933048558537,0.0,0.00673992241692,0.933048558537
