model,mean time,std time,mean nmi,std nmi,best_cost,best_nmi,best_time
abs_adam,2.14884238243,1.42481586761,0.90925764133,0.0519121323575,0.0040638203125,1.0,4.960628509521484
abs_sgd,6.26301341057,0.0695235813605,0.0,0.0,nan,0.0,6.1611223220825195
clip_adam,1.69522280693,0.37955835374,0.847330300615,0.0573081125663,0.0040901315918,0.868943686324,2.050733804702759
clip_sgd,6.05936784744,0.094392521873,0.0,0.0,nan,0.0,6.055376052856445
update_rule,3.2106719017,2.977998289,0.839279323102,0.198509446568,0.00420020751953,0.6387968423,6.804473161697388
