model,mean time,std time,mean nmi,std nmi,best_cost,best_nmi
abs_adam,0.781385374069,0.115973261892,0.57813356355,7.02166693715e-17,0.026764350597,0.57813356355
abs_sgd,1.41631188393,0.203568452326,0.604249876016,0.0506112422648,0.0268517319037,0.57813356355
clip_adam,0.816374635696,0.180316045657,0.600280249035,0.0442933709702,0.0267633236563,0.57813356355
clip_sgd,1.54786539078,0.247965632849,0.627586907761,0.0497531916809,0.0268692563288,0.57813356355
update_rule,0.437900829315,0.13064121617,0.5511600692,0.022418962446,0.0280594446437,0.569450058679
