model,mean time,std time,mean nmi,std nmi,best_cost,best_nmi
abs_adam,1.51221108437,0.0,0.106567123798,0.0,0.00163321276855,0.106567123798
abs_sgd,0.956255912781,0.0,0.776159560239,0.0,0.00163190551758,0.776159560239
clip_adam,1.58915758133,0.0,0.0484886973268,0.0,0.00163339440918,0.0484886973268
clip_sgd,0.878924846649,0.0,0.660716009781,0.0,0.00163193591309,0.660716009781
update_rule,0.813108444214,0.0,0.866025403784,0.0,0.00163213085938,0.866025403784
