model,mean time,std time,mean nmi,std nmi,best_cost,best_nmi
abs_adam,1.99845457077,0.0,0.498732187439,0.0,0.0534459166229,0.498732187439
abs_sgd,1.91386604309,0.0,0.641476499246,0.0,0.0537659563124,0.641476499246
clip_adam,1.98565506935,0.0,0.455965681612,0.0,0.0507189705968,0.455965681612
clip_sgd,1.98820853233,0.0,0.392968709645,0.0,0.0510259009898,0.392968709645
update_rule,0.388918638229,0.0,0.419233116299,0.0,0.0543425306678,0.419233116299
