model,mean time,std time,mean nmi,std nmi
abs_adam,0.908012628555,0.212805042557,0.631112338111,0.0360481454321
abs_sgd,2.10536661148,0.0460540473023,0.661319894373,0.0786865424109
clip_adam,0.810217499733,0.11612550932,0.622652133169,0.049080877679
clip_sgd,2.11629178524,0.0315052165258,0.628368855932,0.063018556251
update_rule,0.304612064362,0.0654217678138,0.579922557045,0.0291549644981
