model,mean time,std time,mean nmi,std nmi
abs_adam,0.879504537582,0.223432757773,0.951330014084,0.0162331895616
abs_sgd,2.20949618816,0.0376942150315,0.910035494912,0.0328646626691
clip_adam,0.821707296371,0.240004153994,0.923499001843,0.0678614064589
clip_sgd,2.12021100521,0.0481379541339,0.929637195821,0.0426161333768
update_rule,1.74401481152,0.525212249655,0.787567078194,0.0591342032416
