model,mean time,std time,mean nmi,std nmi
abs_adam,0.809270644188,0.155503486985,0.560277193128,0.0318765391217
abs_sgd,1.70984628201,0.647950190714,0.574674002976,0.0456020576553
clip_adam,0.8415579319,0.161724414171,0.550688758495,0.0062947039677
clip_sgd,2.13202369213,0.0486320258898,0.561159954477,0.0404630481025
update_rule,0.330077528954,0.112461327357,0.55132763059,0.034148174063
