model,mean time,std time,mean nmi,std nmi
abs_adam,0.915171599388,0.236168617042,0.769738382358,0.0922699854115
abs_sgd,2.11173386574,0.0421191026523,0.87126543539,0.0334025078833
clip_adam,0.609902310371,0.0583221274459,0.735599532394,0.0605939436332
clip_sgd,2.10371944904,0.0291491153737,0.891737006749,0.0227818973224
update_rule,0.7589427948,0.747152948634,0.717839109439,0.0207678440991
