model,mean time,std time,mean nmi,std nmi
abs_adam,0.631777095795,0.0851239616576,0.556044825512,0.030183910048
abs_sgd,1.35069704056,0.591442825476,0.540815057436,0.0154439666012
clip_adam,0.935017561913,0.189879222233,0.540453679054,0.019544556466
clip_sgd,1.96293871403,0.543645835959,0.548682427254,0.0190525730289
update_rule,0.371481633186,0.0435919881984,0.548807158094,0.0140562675842
