model,mean time,std time,mean nmi,std nmi
abs_adam,0.645068359375,0.124170529881,0.59884521518,0.0430802576183
abs_sgd,1.87892856598,0.559599959044,0.608216367778,0.0489296292967
clip_adam,0.816852998734,0.137037788913,0.614271476305,0.0491462147158
clip_sgd,2.10077834129,0.0315255054611,0.609022448884,0.0488052725625
update_rule,0.385705208778,0.182940913237,0.546046859985,0.0215842098935
