model,mean time,std time,mean nmi,std nmi
abs_adam,0.847084856033,0.351313586054,0.891528562239,0.0834967728741
abs_sgd,2.11887667179,0.0340017520337,0.913741036682,0.0239581273588
clip_adam,0.866457247734,0.276065638085,0.878734294414,0.0847664103484
clip_sgd,2.00375461578,0.282783016775,0.901929431342,0.0308504007296
update_rule,1.68719646931,0.517409798694,0.78226282659,0.0625091823072
