model,mean time,std time,mean nmi,std nmi
abs_adam,0.856420874596,0.239144091494,0.963371166434,0.0122123347565
abs_sgd,2.16218254566,0.0424992498534,0.889633798076,0.0438658222881
clip_adam,0.884391260147,0.21130286356,0.931014735563,0.0653609558907
clip_sgd,1.99102544785,0.431731172269,0.911876263397,0.0390656012275
update_rule,1.92189729214,0.0274355887569,0.797596290412,0.0394772489427
