model,mean time,std time,mean nmi,std nmi
abs_adam,0.683566713333,0.176346046302,0.821548980853,0.0996012312879
abs_sgd,2.13122916222,0.0660274780891,0.878296825838,0.0407475029764
clip_adam,0.91951751709,0.185713533836,0.880623014365,0.113800689416
clip_sgd,2.12404651642,0.0291796356387,0.924792283199,0.0261242634285
update_rule,1.45931298733,0.43777585145,0.861417749973,0.0990325824425
