model,mean time,std time,mean nmi,std nmi
abs_adam,0.690597486496,0.16454568628,0.751327716492,0.0601576482307
abs_sgd,2.14285254478,0.0384037412467,0.840518340531,0.0107764349849
clip_adam,0.795872855186,0.104655477414,0.740827229941,0.0917816770865
clip_sgd,1.97407441139,0.400555162731,0.817480937429,0.068843522219
update_rule,0.692967200279,0.496082163504,0.657161191758,0.0411294631837
