model,mean time,std time,mean nmi,std nmi
abs_adam,0.86255698204,0.178720772205,0.748482774691,0.0756273435409
abs_sgd,1.91462740898,0.552561277238,0.792020407347,0.06196501681
clip_adam,1.03873877525,0.114487499166,0.712972086921,0.0971639184525
clip_sgd,2.10248701572,0.0335090492779,0.757558988402,0.0944931332279
update_rule,0.326021289825,0.13806693182,0.595262846175,0.0317604084289
