model,mean time,std time,mean nmi,std nmi
abs_adam,0.8156883955,0.150847892595,0.774241419381,0.0707202562599
abs_sgd,2.09629096985,0.0344780228505,0.870141489838,0.0120873045538
clip_adam,0.737869143486,0.200153200277,0.782991358875,0.0663885064024
clip_sgd,2.17817289829,0.0444093540027,0.858366302617,0.0196881855169
update_rule,0.785489487648,0.719962431529,0.689573261933,0.0423637538626
