model,mean time,std time,mean nmi,std nmi
abs_adam,0.755572366714,0.155277929854,0.698127639327,0.0743090886361
abs_sgd,2.14784269333,0.0524041067671,0.859435783874,0.0238341108764
clip_adam,0.669153428078,0.109974458497,0.709798049527,0.0943312501474
clip_sgd,2.1311555624,0.0425143061708,0.853146710683,0.0264980113205
update_rule,1.47911889553,0.670952774977,0.71621140859,0.0265796510139
