model,mean time,std time,mean nmi,std nmi
abs_adam,0.803566479683,0.200815352248,0.607142093487,0.0484434528324
abs_sgd,2.10456371307,0.0452171425312,0.643108508097,0.0495586271594
clip_adam,0.788649654388,0.110517254168,0.594906415326,0.0280427260223
clip_sgd,2.13810276985,0.0628680932051,0.638711260887,0.0630381236261
update_rule,0.305274820328,0.104037206471,0.576594505058,0.0137997612382
