model,mean time,std time,mean nmi,std nmi
abs_adam,0.797340965271,0.0879872101537,0.65009112395,0.0360827050513
abs_sgd,1.81136441231,0.604806188658,0.67387428711,0.0740514478425
clip_adam,0.863047647476,0.141381804051,0.625988102578,0.0566254468674
clip_sgd,2.10610644817,0.029259487703,0.661114719357,0.0707623006365
update_rule,0.325565028191,0.120108160309,0.596997034733,0.0187515298075
