model,mean time,std time,mean nmi,std nmi
abs_adam,0.668439555168,0.135287823634,0.823067168011,0.0993651788986
abs_sgd,2.12815198898,0.0487357647504,0.916327379189,0.026479874368
clip_adam,0.852589011192,0.24637509583,0.857853594374,0.112682821542
clip_sgd,2.1136341095,0.0408844154427,0.828802397832,0.278802402288
update_rule,1.62224240303,0.665504113052,0.768911818146,0.0600836299408
