model,mean time,std time,mean nmi,std nmi
abs_adam,0.87480635643,0.249690348244,0.781350887178,0.0894227288817
abs_sgd,1.94399039745,0.46408027013,0.865819291109,0.0368158366475
clip_adam,0.889507079124,0.227393443837,0.853050145967,0.0500054658765
clip_sgd,2.11307530403,0.0513237105934,0.879725551426,0.0231783255927
update_rule,1.47067158222,0.765515529809,0.767050144401,0.0709864658707
